LotArea,OverallQual,OverallCond,YearBuilt,GrLivArea,TotalBsmtSF,GarageCars,GarageArea,FullBath,HalfBath,Neighborhood_B,Neighborhood_C,HouseStyle_2Story,BldgType_Duplex,MSZoning_RM,PredictedPrice,isOutlier
9270,2,9,1977,3167,107,1,948,1,1,TRUE,FALSE,FALSE,FALSE,FALSE,462219.3438,FALSE
2860,6,7,1989,3589,843,1,527,1,1,FALSE,TRUE,TRUE,TRUE,FALSE,527094.4375,FALSE
7390,5,3,1964,2129,1958,0,491,2,1,TRUE,FALSE,TRUE,FALSE,FALSE,322608.2188,FALSE
7191,6,1,1990,1161,1625,2,890,3,1,FALSE,FALSE,TRUE,FALSE,FALSE,261068.7344,FALSE
13964,1,8,1988,1257,716,2,60,2,0,FALSE,TRUE,TRUE,FALSE,FALSE,170288.1094,FALSE
13284,5,6,1951,788,890,0,53,1,0,FALSE,TRUE,FALSE,FALSE,TRUE,141429.6094,FALSE
7734,9,7,2012,3985,1991,0,679,1,0,TRUE,FALSE,TRUE,FALSE,FALSE,594816.25,FALSE
8265,2,9,1978,1220,1982,2,537,3,0,FALSE,TRUE,TRUE,TRUE,FALSE,203210.5,FALSE
2466,1,5,2015,1137,959,1,847,1,1,FALSE,FALSE,TRUE,TRUE,TRUE,182329.5313,FALSE
6426,9,1,2000,2782,1468,1,987,1,1,FALSE,TRUE,FALSE,TRUE,TRUE,470797.9688,FALSE
7578,9,7,1959,2963,892,2,64,1,1,FALSE,TRUE,TRUE,TRUE,FALSE,457583.4688,FALSE
13636,9,5,1963,3485,1461,1,611,3,0,TRUE,FALSE,TRUE,FALSE,FALSE,573253.875,FALSE
13363,6,3,2000,998,731,0,585,2,1,FALSE,TRUE,FALSE,FALSE,TRUE,208860.9375,FALSE
13111,8,9,1988,3521,1913,1,703,1,0,TRUE,FALSE,FALSE,TRUE,FALSE,545402.5625,FALSE
10322,1,1,1977,1133,605,1,170,3,1,TRUE,FALSE,TRUE,TRUE,FALSE,170897.75,FALSE
3685,4,1,1952,2173,456,3,272,1,1,FALSE,TRUE,TRUE,FALSE,TRUE,336006.4375,FALSE
2769,1,1,2019,2530,614,3,888,3,1,FALSE,FALSE,FALSE,FALSE,FALSE,377005.5938,FALSE
12583,8,3,1976,3567,1758,3,698,1,1,TRUE,FALSE,TRUE,FALSE,TRUE,538648,FALSE
8949,1,6,1951,614,697,1,534,3,1,FALSE,TRUE,FALSE,TRUE,FALSE,120427.7422,FALSE
4433,3,3,1987,3479,1719,2,390,1,0,TRUE,FALSE,TRUE,FALSE,TRUE,486152.6563,FALSE
7311,4,8,1952,1173,1518,0,939,2,1,FALSE,FALSE,TRUE,FALSE,TRUE,248800.7969,FALSE
7051,8,2,1965,2236,673,1,692,1,0,FALSE,FALSE,TRUE,TRUE,TRUE,393180.9063,FALSE
8420,6,9,1989,1757,1270,2,326,3,0,TRUE,FALSE,TRUE,TRUE,FALSE,309072.1875,FALSE
3184,7,3,1951,3582,542,1,107,1,0,FALSE,FALSE,TRUE,TRUE,TRUE,514816.4688,FALSE
6555,8,5,1990,2753,1587,0,846,2,0,FALSE,TRUE,FALSE,FALSE,FALSE,464103.625,FALSE
5385,2,8,1961,2794,856,1,161,1,0,FALSE,TRUE,FALSE,FALSE,TRUE,383368.125,FALSE
14309,8,2,1984,3305,1611,0,813,3,0,TRUE,FALSE,TRUE,TRUE,TRUE,536817.6875,FALSE
8396,3,6,2014,3698,896,1,451,3,0,FALSE,FALSE,TRUE,FALSE,TRUE,496588.6875,FALSE
13096,7,5,2004,646,1462,0,205,2,0,FALSE,TRUE,TRUE,FALSE,FALSE,174190.7813,FALSE
10666,3,9,1994,2665,277,1,589,3,1,FALSE,TRUE,FALSE,FALSE,FALSE,411720.375,FALSE
11274,7,5,2011,3953,551,0,15,1,1,FALSE,TRUE,FALSE,TRUE,TRUE,556707.375,FALSE
4558,2,2,1998,911,1636,3,326,1,0,TRUE,FALSE,FALSE,TRUE,FALSE,169762.5938,FALSE
9849,6,5,1974,2187,110,1,607,1,0,TRUE,FALSE,FALSE,FALSE,FALSE,366855.3125,FALSE
4047,3,4,1972,2910,384,1,658,3,0,FALSE,TRUE,FALSE,FALSE,FALSE,441688.6875,FALSE
4747,3,7,1973,2032,1856,2,1,1,1,FALSE,TRUE,FALSE,FALSE,TRUE,294806.3125,FALSE
11167,9,6,1987,636,760,2,9,1,1,FALSE,FALSE,FALSE,FALSE,FALSE,182424.5313,FALSE
11998,7,2,1977,3746,1214,0,433,1,0,FALSE,FALSE,FALSE,TRUE,TRUE,565536.25,FALSE
2189,5,5,1970,3860,1513,1,124,2,0,FALSE,FALSE,TRUE,TRUE,TRUE,527417.25,FALSE
4734,7,7,2003,3505,693,0,80,3,1,TRUE,FALSE,FALSE,FALSE,TRUE,519397.0313,FALSE
5005,9,7,1967,518,1449,3,484,3,1,FALSE,TRUE,FALSE,FALSE,FALSE,203392.3125,FALSE
6658,1,5,1985,2742,404,2,651,3,0,TRUE,FALSE,FALSE,TRUE,TRUE,381283.375,FALSE
3899,7,9,1994,2877,1358,0,837,2,0,FALSE,TRUE,FALSE,FALSE,FALSE,449849.6563,FALSE
9734,6,4,2002,2459,1232,0,149,3,0,FALSE,FALSE,TRUE,TRUE,FALSE,383769.9063,FALSE
3267,9,3,1979,2722,21,2,799,2,0,FALSE,FALSE,FALSE,FALSE,TRUE,468681.5,FALSE
3528,1,4,2009,1501,677,1,872,2,1,FALSE,FALSE,TRUE,TRUE,TRUE,239007.7031,FALSE
13394,4,5,1981,948,610,0,339,3,1,FALSE,FALSE,TRUE,FALSE,TRUE,187096.9688,FALSE
5556,9,6,2016,2448,1231,2,128,1,0,FALSE,TRUE,TRUE,FALSE,FALSE,395561.2813,FALSE
5890,4,3,2016,1445,7,1,437,1,0,FALSE,FALSE,FALSE,TRUE,FALSE,254109.4219,FALSE
10838,3,2,1977,1877,701,3,750,3,0,FALSE,TRUE,FALSE,TRUE,TRUE,307054.875,FALSE
13080,9,4,1993,2022,1710,2,500,3,1,FALSE,TRUE,FALSE,FALSE,TRUE,377385.25,FALSE
7393,2,5,1990,640,1808,0,57,2,0,TRUE,FALSE,TRUE,FALSE,FALSE,94055.96875,TRUE
12627,4,4,2012,3305,528,3,197,3,0,FALSE,FALSE,TRUE,TRUE,FALSE,471369.9375,FALSE
10792,6,3,1972,2420,601,1,210,2,0,FALSE,FALSE,TRUE,TRUE,TRUE,363805.375,FALSE
12555,2,8,1997,3477,1676,1,913,3,1,TRUE,FALSE,TRUE,FALSE,FALSE,516018.375,FALSE
12253,8,4,1981,592,656,2,901,1,0,FALSE,TRUE,FALSE,FALSE,FALSE,210211.8281,FALSE
10433,8,2,2006,738,165,2,44,1,1,FALSE,FALSE,FALSE,TRUE,FALSE,162814.5156,FALSE
12233,1,2,1982,704,848,2,96,3,0,FALSE,TRUE,FALSE,TRUE,FALSE,119185.9922,FALSE
13016,3,1,1973,3107,495,1,278,2,0,TRUE,FALSE,TRUE,TRUE,FALSE,409079.6875,FALSE
9513,9,4,1988,1956,589,3,534,1,0,FALSE,TRUE,TRUE,TRUE,FALSE,368031.9688,FALSE
4612,5,9,1983,744,428,1,409,2,1,FALSE,FALSE,FALSE,TRUE,TRUE,166269.5469,FALSE
9041,6,7,2005,1331,773,0,460,3,0,FALSE,TRUE,FALSE,FALSE,FALSE,245874.1719,FALSE
11555,4,7,1977,3888,162,1,390,3,0,FALSE,TRUE,TRUE,FALSE,TRUE,538067.375,FALSE
8235,2,7,1986,3472,365,0,846,1,1,FALSE,FALSE,FALSE,TRUE,TRUE,486268.9688,FALSE
7486,8,8,1956,794,1549,3,43,3,1,FALSE,FALSE,FALSE,FALSE,FALSE,184869.1875,FALSE
9099,6,1,2017,3187,1262,2,26,1,1,FALSE,TRUE,TRUE,FALSE,TRUE,440749.5313,FALSE
11670,5,8,1986,1355,71,2,793,2,0,FALSE,TRUE,TRUE,TRUE,TRUE,274377.4688,FALSE
12748,9,4,2005,3853,1468,1,96,1,1,TRUE,FALSE,TRUE,FALSE,TRUE,553485.375,FALSE
2775,1,4,2014,2564,654,2,974,1,0,FALSE,FALSE,FALSE,FALSE,FALSE,366462.2188,FALSE
14206,5,4,2014,570,1845,3,547,2,1,FALSE,TRUE,TRUE,FALSE,TRUE,166789.1875,FALSE
10226,6,6,1996,1792,1532,2,620,1,1,FALSE,FALSE,FALSE,TRUE,FALSE,313021.4688,FALSE
5152,5,7,1969,1848,1818,1,566,1,1,TRUE,FALSE,FALSE,TRUE,TRUE,309935.0625,FALSE
12147,6,6,1968,804,268,3,703,3,0,FALSE,TRUE,TRUE,FALSE,TRUE,191120.4063,FALSE
3585,6,1,1978,1530,1776,0,218,2,0,FALSE,TRUE,FALSE,FALSE,TRUE,249879.1563,FALSE
5943,7,8,2009,1837,414,1,184,1,0,FALSE,TRUE,TRUE,FALSE,TRUE,311866.0313,FALSE
9555,4,7,1967,1316,1268,0,68,2,0,FALSE,FALSE,TRUE,FALSE,FALSE,192660,FALSE
5073,8,6,1984,1626,1015,3,828,2,0,TRUE,FALSE,FALSE,FALSE,TRUE,323876.5,FALSE
3021,7,6,1992,1320,674,1,129,1,0,FALSE,FALSE,FALSE,FALSE,TRUE,252804.6563,FALSE
13653,9,5,1960,692,1083,1,566,3,0,FALSE,TRUE,TRUE,TRUE,FALSE,218140.375,FALSE
12805,7,6,1998,2276,5,3,889,2,0,TRUE,FALSE,TRUE,FALSE,FALSE,404160.0313,FALSE
5843,3,9,1987,1028,1732,2,608,1,0,FALSE,TRUE,TRUE,FALSE,FALSE,185382.4219,FALSE
9989,3,9,2013,2718,981,1,847,2,1,FALSE,TRUE,TRUE,TRUE,TRUE,393217.7188,FALSE
11692,8,8,2018,750,569,1,598,3,1,FALSE,FALSE,TRUE,FALSE,FALSE,234555.0625,FALSE
14990,5,9,1957,2288,1840,0,805,3,0,FALSE,TRUE,TRUE,FALSE,FALSE,362154,FALSE
8873,4,8,1983,3958,406,2,630,3,0,TRUE,FALSE,FALSE,FALSE,FALSE,563566.5,FALSE
7675,8,8,1997,3778,1240,0,719,1,0,FALSE,TRUE,FALSE,FALSE,FALSE,573058.1875,FALSE
2161,6,1,2005,3088,1953,0,333,1,0,FALSE,TRUE,FALSE,TRUE,FALSE,455291.8438,FALSE
6297,2,5,2014,2526,25,2,924,3,1,FALSE,FALSE,FALSE,FALSE,FALSE,365267.2813,FALSE
12173,4,4,1980,2963,1838,2,153,1,1,TRUE,FALSE,TRUE,TRUE,TRUE,405944.3125,FALSE
2995,4,2,1953,3341,1028,3,546,3,0,FALSE,FALSE,FALSE,FALSE,FALSE,476922.9375,FALSE
13534,6,8,1999,1903,985,2,78,1,1,FALSE,TRUE,FALSE,FALSE,TRUE,316525.625,FALSE
14743,6,3,2018,1667,1555,1,578,3,1,FALSE,FALSE,TRUE,TRUE,FALSE,287637.8438,FALSE
9629,1,4,1979,2572,389,2,854,2,0,FALSE,FALSE,FALSE,FALSE,FALSE,369844.3438,FALSE
13990,8,7,2008,3215,709,3,412,3,0,FALSE,FALSE,TRUE,TRUE,FALSE,517988.9375,FALSE
11467,6,9,2016,1596,570,3,545,3,0,FALSE,FALSE,TRUE,TRUE,TRUE,302958.3438,FALSE
3016,3,2,1994,3179,1471,3,608,1,0,FALSE,TRUE,TRUE,TRUE,FALSE,460351.625,FALSE
9869,9,3,1953,2347,753,2,168,1,1,FALSE,TRUE,TRUE,FALSE,FALSE,373009.3125,FALSE
8439,2,4,1975,3664,145,2,680,1,0,TRUE,FALSE,TRUE,FALSE,FALSE,492641.7813,FALSE
9892,8,1,1976,1004,1411,0,662,1,1,FALSE,FALSE,FALSE,FALSE,FALSE,251283.875,FALSE
8863,3,7,1995,2121,784,0,582,1,0,FALSE,FALSE,FALSE,FALSE,TRUE,300880.0625,FALSE
9916,5,2,2013,2883,1272,1,514,1,1,TRUE,FALSE,FALSE,TRUE,TRUE,435839.2188,FALSE
10529,6,5,2000,2972,525,0,313,2,0,FALSE,FALSE,TRUE,FALSE,TRUE,428736.4375,FALSE
2878,6,1,1999,3046,1485,1,31,3,0,TRUE,FALSE,FALSE,FALSE,TRUE,429041.4375,FALSE
11268,4,3,1955,1887,12,3,286,3,1,FALSE,TRUE,FALSE,TRUE,TRUE,309256.625,FALSE
6887,3,2,2008,3494,902,0,593,3,1,TRUE,FALSE,FALSE,TRUE,FALSE,511703.8438,FALSE
14185,4,1,1964,3177,383,2,42,2,1,FALSE,FALSE,FALSE,FALSE,FALSE,445660.5,FALSE
6859,1,7,1979,1722,555,0,902,3,0,TRUE,FALSE,TRUE,TRUE,FALSE,261124.6406,FALSE
8331,4,5,1991,1217,886,1,616,2,1,FALSE,TRUE,FALSE,TRUE,TRUE,240224.2656,FALSE
10571,1,1,1986,3984,1422,0,0,2,1,FALSE,FALSE,TRUE,TRUE,FALSE,487625.9375,FALSE
10684,1,6,1991,838,18,3,572,2,1,FALSE,TRUE,TRUE,TRUE,TRUE,129700.2344,FALSE
9208,6,5,1984,1158,574,2,269,3,1,FALSE,TRUE,FALSE,TRUE,FALSE,216243.2656,FALSE
7276,5,3,1955,1461,1514,1,179,2,1,TRUE,FALSE,TRUE,FALSE,TRUE,245333.4844,FALSE
4062,4,7,2017,928,750,2,735,3,1,FALSE,TRUE,TRUE,FALSE,FALSE,198252.6094,FALSE
14076,3,9,1967,1398,1003,2,517,3,1,FALSE,FALSE,TRUE,FALSE,FALSE,253853.7344,FALSE
2064,1,9,1978,638,418,1,102,1,1,FALSE,TRUE,TRUE,FALSE,FALSE,93048.51563,TRUE
10006,6,9,2008,3489,1360,2,9,1,1,FALSE,TRUE,TRUE,FALSE,FALSE,485530.7813,FALSE
4568,2,2,1996,1041,418,2,582,2,0,TRUE,FALSE,TRUE,FALSE,TRUE,170493.5469,FALSE
7463,8,3,1966,2604,1938,0,89,2,0,FALSE,TRUE,TRUE,FALSE,FALSE,400457.1563,FALSE
4027,5,7,1971,1755,1939,2,225,3,1,TRUE,FALSE,FALSE,TRUE,FALSE,270703.2188,FALSE
4695,7,5,2017,3205,1635,2,669,2,0,TRUE,FALSE,FALSE,FALSE,FALSE,497436.8438,FALSE
11687,2,2,2018,2982,1698,2,739,2,0,FALSE,FALSE,TRUE,FALSE,TRUE,426722.5,FALSE
7258,8,3,1986,883,1951,2,916,3,1,FALSE,FALSE,TRUE,FALSE,FALSE,226175.7031,FALSE
7618,2,6,1998,3107,121,1,125,2,1,FALSE,FALSE,FALSE,TRUE,FALSE,401868,FALSE
8736,4,7,1962,693,431,3,955,2,1,FALSE,FALSE,FALSE,FALSE,FALSE,190801.1406,FALSE
2391,1,9,1983,3081,43,0,208,3,1,TRUE,FALSE,FALSE,FALSE,FALSE,405718.0313,FALSE
14706,5,1,2002,3065,1895,2,96,3,1,FALSE,TRUE,FALSE,TRUE,FALSE,430700.4688,FALSE
14666,9,7,2000,3263,1943,2,73,1,1,FALSE,FALSE,TRUE,FALSE,TRUE,497070.4063,FALSE
7892,1,8,1952,3298,1340,1,626,3,0,FALSE,FALSE,TRUE,FALSE,TRUE,451648.8125,FALSE
5561,9,3,1991,2732,380,3,190,1,1,FALSE,FALSE,FALSE,TRUE,TRUE,446880.7188,FALSE
12470,8,4,1981,2395,144,2,681,2,0,FALSE,TRUE,FALSE,FALSE,FALSE,424910.9063,FALSE
8184,6,6,2000,2839,1350,1,818,3,1,FALSE,FALSE,FALSE,TRUE,TRUE,446688,FALSE
5099,7,7,1995,3906,362,0,959,3,1,FALSE,TRUE,FALSE,FALSE,FALSE,603114.75,FALSE
8278,3,4,1970,1231,1073,0,715,3,0,TRUE,FALSE,TRUE,FALSE,FALSE,241106.8438,FALSE
10392,1,8,1993,2663,1088,2,55,2,1,TRUE,FALSE,FALSE,FALSE,FALSE,325470.5625,FALSE
5104,5,5,1960,3372,354,2,719,1,1,TRUE,FALSE,FALSE,TRUE,FALSE,479139.875,FALSE
9215,2,1,2017,3620,799,3,552,2,0,FALSE,TRUE,FALSE,TRUE,TRUE,484406.9375,FALSE
14790,5,4,1950,1184,1187,3,31,2,1,FALSE,FALSE,TRUE,TRUE,TRUE,216974.4375,FALSE
4454,8,3,2012,581,1164,2,526,3,0,FALSE,FALSE,TRUE,FALSE,TRUE,191945,FALSE
13837,9,9,1973,3381,1989,1,573,1,1,FALSE,FALSE,TRUE,FALSE,FALSE,536618.6875,FALSE
10996,2,8,1962,2880,825,3,666,2,1,FALSE,FALSE,FALSE,TRUE,TRUE,425136.5,FALSE
4731,3,1,1960,3104,1151,2,283,3,0,FALSE,FALSE,FALSE,TRUE,TRUE,433069.625,FALSE
12965,3,6,2000,2882,397,3,720,2,1,FALSE,TRUE,FALSE,FALSE,FALSE,420683.875,FALSE
10154,1,9,1966,1031,1956,2,831,2,0,TRUE,FALSE,TRUE,FALSE,TRUE,179911.4063,FALSE
11762,8,7,1973,2483,879,0,493,3,0,FALSE,FALSE,TRUE,FALSE,FALSE,425085.0313,FALSE
7056,6,4,1968,720,462,2,186,3,0,TRUE,FALSE,FALSE,FALSE,TRUE,163529.2656,FALSE
10110,8,1,1986,1134,1774,0,497,1,1,FALSE,TRUE,FALSE,TRUE,TRUE,252201.3906,FALSE
12882,9,2,1957,2269,1859,3,441,2,1,FALSE,TRUE,TRUE,FALSE,TRUE,381150.8125,FALSE
5840,5,5,1977,2870,807,2,129,3,0,FALSE,FALSE,FALSE,FALSE,FALSE,418179.9063,FALSE
3028,3,5,1954,2374,186,3,638,3,1,FALSE,TRUE,FALSE,FALSE,TRUE,365831.0625,FALSE
9385,5,8,1966,502,1743,0,291,1,1,TRUE,FALSE,FALSE,FALSE,TRUE,137720.375,FALSE
2502,5,6,1985,2217,731,2,113,1,1,FALSE,FALSE,TRUE,FALSE,TRUE,341099.9688,FALSE
8910,5,8,1968,705,1935,3,198,3,0,FALSE,FALSE,FALSE,FALSE,TRUE,144613.6406,FALSE
14685,3,2,2013,2355,1213,0,12,1,1,TRUE,FALSE,FALSE,FALSE,FALSE,323878.2813,FALSE
11062,4,3,1960,539,1411,3,270,3,0,FALSE,FALSE,FALSE,TRUE,FALSE,153135.3281,FALSE
8938,9,6,2003,2606,428,1,600,2,1,FALSE,FALSE,FALSE,TRUE,TRUE,425302.6563,FALSE
6488,9,3,1994,3498,857,0,214,1,1,TRUE,FALSE,TRUE,TRUE,TRUE,519937.4375,FALSE
2206,2,6,1996,3121,1307,0,443,2,0,FALSE,FALSE,TRUE,FALSE,TRUE,426634.6563,FALSE
7134,8,6,1961,1143,1887,0,789,2,1,FALSE,FALSE,TRUE,TRUE,FALSE,248988.1875,FALSE
7977,8,2,1970,2030,236,2,511,2,0,TRUE,FALSE,FALSE,FALSE,TRUE,355328.7813,FALSE
9721,7,7,1960,2407,1217,2,446,3,1,FALSE,TRUE,TRUE,FALSE,TRUE,390638.375,FALSE
9035,8,2,1954,3390,1310,2,985,2,0,TRUE,FALSE,FALSE,FALSE,FALSE,552587.625,FALSE
3484,3,6,2005,3693,770,1,992,2,1,FALSE,FALSE,TRUE,FALSE,FALSE,526570.75,FALSE
9858,6,1,1969,3166,757,1,714,2,1,TRUE,FALSE,FALSE,TRUE,FALSE,490477.5313,FALSE
2863,1,3,1990,2643,135,0,73,3,1,FALSE,FALSE,TRUE,FALSE,TRUE,361203.9688,FALSE
4790,7,2,1995,3985,791,1,536,2,0,FALSE,FALSE,TRUE,FALSE,FALSE,590641.375,FALSE
9408,1,7,1961,3806,1806,3,100,2,0,TRUE,FALSE,TRUE,TRUE,FALSE,499917.25,FALSE
10755,9,4,2019,1397,170,0,175,1,0,FALSE,FALSE,FALSE,TRUE,TRUE,265447.1563,FALSE
7116,1,8,1966,1585,158,0,426,3,1,FALSE,TRUE,FALSE,TRUE,FALSE,229263.0313,FALSE
14383,1,6,1968,1779,200,3,116,2,0,FALSE,FALSE,FALSE,FALSE,TRUE,244338.3438,FALSE
8019,7,4,1975,3108,1510,0,165,1,0,TRUE,FALSE,TRUE,TRUE,TRUE,440624.0313,FALSE
3757,2,5,1997,3452,1580,1,40,3,0,FALSE,TRUE,FALSE,FALSE,FALSE,444428.1875,FALSE
9574,5,9,2001,2895,961,2,428,3,0,FALSE,TRUE,FALSE,FALSE,TRUE,438631.7188,FALSE
8374,8,7,2019,1170,1799,3,343,3,0,FALSE,FALSE,FALSE,TRUE,FALSE,239598.5469,FALSE
8892,8,9,2004,3695,582,1,423,3,0,TRUE,FALSE,FALSE,TRUE,FALSE,556223.1875,FALSE
3678,3,7,1982,2005,1527,3,365,3,0,FALSE,FALSE,FALSE,TRUE,FALSE,313357.1875,FALSE
5242,7,1,2011,2864,875,3,119,3,0,FALSE,FALSE,FALSE,FALSE,TRUE,423072,FALSE
6636,3,8,1972,1218,370,0,608,2,0,TRUE,FALSE,TRUE,FALSE,FALSE,232508.7344,FALSE
3059,6,4,1964,1571,102,0,656,2,0,TRUE,FALSE,TRUE,FALSE,TRUE,301450.8125,FALSE
8668,6,3,1976,3980,1001,1,727,2,1,FALSE,FALSE,FALSE,FALSE,TRUE,570739.5625,FALSE
11914,3,7,2013,2455,1148,3,228,2,1,FALSE,TRUE,TRUE,FALSE,TRUE,350287.5,FALSE
13506,7,3,2000,1659,1336,0,824,1,0,FALSE,FALSE,TRUE,FALSE,FALSE,310730.5,FALSE
5157,3,8,2002,3772,975,0,129,2,1,FALSE,TRUE,FALSE,TRUE,TRUE,494476.6875,FALSE
7915,8,6,2000,749,797,3,351,3,1,FALSE,FALSE,FALSE,FALSE,TRUE,202928.5625,FALSE
12817,4,5,1996,2861,1481,1,888,2,0,TRUE,FALSE,TRUE,TRUE,FALSE,422338.4375,FALSE
12921,1,4,1953,2392,1253,1,317,2,0,FALSE,TRUE,FALSE,TRUE,FALSE,334770.1563,FALSE
11789,4,8,1956,3939,657,3,983,3,0,TRUE,FALSE,TRUE,TRUE,TRUE,565534.6875,FALSE
13252,7,8,1984,2353,881,1,648,2,1,TRUE,FALSE,TRUE,TRUE,TRUE,389956.6563,FALSE
4693,4,1,1997,3354,1220,0,835,2,0,TRUE,FALSE,TRUE,TRUE,FALSE,478244.5625,FALSE
5627,6,9,2021,2003,1908,3,336,2,1,TRUE,FALSE,FALSE,FALSE,TRUE,314713.4688,FALSE
11555,9,5,1994,3885,732,0,272,1,0,TRUE,FALSE,TRUE,FALSE,TRUE,577133.5625,FALSE
12173,1,4,2021,3926,422,2,116,2,1,FALSE,FALSE,FALSE,FALSE,TRUE,487354.8125,FALSE
7450,5,6,1968,3032,571,2,817,3,1,FALSE,TRUE,FALSE,FALSE,TRUE,483050.0625,FALSE
3663,7,6,2012,1734,1633,1,367,3,0,FALSE,FALSE,FALSE,TRUE,FALSE,320982.0625,FALSE
11721,1,2,1987,543,170,2,93,2,0,FALSE,FALSE,FALSE,TRUE,TRUE,87127.91406,TRUE
12230,4,8,2016,3118,1405,0,167,2,1,FALSE,FALSE,FALSE,TRUE,FALSE,413830.9375,FALSE
7592,6,7,2008,1082,172,2,953,2,1,TRUE,FALSE,TRUE,FALSE,TRUE,235224.0156,FALSE
13494,2,1,2018,3663,662,0,714,3,0,FALSE,FALSE,FALSE,FALSE,FALSE,503579.0313,FALSE
12429,5,5,1962,1788,452,1,340,3,0,FALSE,TRUE,FALSE,FALSE,TRUE,295864.4688,FALSE
9392,1,6,1996,3442,349,1,660,1,1,FALSE,FALSE,FALSE,FALSE,FALSE,444989.1563,FALSE
3306,6,4,2010,719,1925,0,913,1,0,TRUE,FALSE,FALSE,TRUE,TRUE,193486.1719,FALSE
14221,6,2,1980,2425,1975,2,694,1,1,FALSE,TRUE,FALSE,TRUE,FALSE,404928.8438,FALSE
8776,4,4,1971,3472,1657,1,924,3,0,FALSE,TRUE,TRUE,FALSE,TRUE,511495.8438,FALSE
12867,8,1,1992,2948,493,3,151,1,0,FALSE,TRUE,FALSE,FALSE,TRUE,452889.6563,FALSE
7864,4,7,2016,3971,619,1,585,2,0,FALSE,TRUE,FALSE,TRUE,FALSE,569290.75,FALSE
11474,8,2,2003,3274,1027,2,876,2,1,FALSE,FALSE,TRUE,TRUE,FALSE,519885.4063,FALSE
9526,8,2,1959,1490,1116,3,912,3,0,TRUE,FALSE,FALSE,TRUE,FALSE,308920.1875,FALSE
10901,5,9,1991,3446,918,2,273,1,1,FALSE,TRUE,TRUE,TRUE,FALSE,468563.75,FALSE
7575,4,5,2013,2312,5,0,553,2,0,FALSE,TRUE,TRUE,FALSE,FALSE,350934.375,FALSE
7530,2,2,1970,1357,287,3,495,3,1,TRUE,FALSE,TRUE,TRUE,TRUE,220370.7813,FALSE
14936,3,9,2015,1303,1641,2,723,1,1,FALSE,FALSE,TRUE,TRUE,FALSE,231803.4844,FALSE
6413,3,9,1990,989,1169,3,100,2,0,FALSE,TRUE,FALSE,TRUE,FALSE,163119.6563,FALSE
5748,4,1,1973,2280,1806,2,556,1,1,FALSE,FALSE,FALSE,TRUE,TRUE,346366.3438,FALSE
14971,4,3,1984,1993,1447,3,81,3,1,FALSE,FALSE,TRUE,FALSE,FALSE,305264.6563,FALSE
2663,5,4,2005,3485,1913,2,528,1,1,FALSE,FALSE,TRUE,FALSE,FALSE,500723.625,FALSE
3998,4,7,1979,3391,607,0,72,3,1,FALSE,FALSE,FALSE,FALSE,FALSE,455811.9375,FALSE
9994,8,4,2006,2205,456,3,13,1,0,FALSE,TRUE,TRUE,FALSE,TRUE,337651.125,FALSE
13637,6,2,1996,3840,1764,3,432,2,0,FALSE,TRUE,TRUE,FALSE,FALSE,562109.5,FALSE
13935,6,7,1984,2814,1225,3,156,3,0,FALSE,FALSE,TRUE,FALSE,TRUE,435150,FALSE
3495,8,6,1968,553,1235,3,734,3,1,FALSE,FALSE,FALSE,TRUE,TRUE,206562.5,FALSE
5304,7,3,1957,3075,1029,0,131,3,1,TRUE,FALSE,TRUE,TRUE,FALSE,440062.0625,FALSE
5763,8,6,1975,1115,623,3,337,1,0,TRUE,FALSE,FALSE,TRUE,TRUE,222672.9375,FALSE
7232,2,6,2020,1582,375,1,403,1,0,TRUE,FALSE,FALSE,TRUE,FALSE,226482.7031,FALSE
3853,9,5,1979,2348,1914,0,375,2,1,FALSE,TRUE,FALSE,FALSE,FALSE,408649.4688,FALSE
8585,1,4,1956,3611,446,1,887,3,0,TRUE,FALSE,TRUE,TRUE,FALSE,503876.4688,FALSE
14851,8,1,2016,3808,834,3,558,3,0,FALSE,TRUE,TRUE,FALSE,FALSE,560568.5625,FALSE
3291,4,6,2014,1454,1129,2,106,1,1,FALSE,TRUE,FALSE,TRUE,FALSE,230799.8281,FALSE
5581,4,2,1985,2933,1674,1,619,1,0,FALSE,TRUE,FALSE,TRUE,TRUE,423526.9688,FALSE
13649,5,3,1974,2129,810,3,264,2,1,FALSE,TRUE,FALSE,TRUE,TRUE,325144.0313,FALSE
9554,8,8,1986,3281,1424,1,204,2,0,TRUE,FALSE,TRUE,FALSE,TRUE,513489.4688,FALSE
9280,5,6,1950,3263,1119,3,78,1,1,FALSE,FALSE,TRUE,TRUE,TRUE,433522.0938,FALSE
3636,8,3,1964,1149,1411,3,154,3,1,FALSE,FALSE,FALSE,FALSE,FALSE,241272.1406,FALSE
5696,1,7,1986,2847,958,3,782,2,1,FALSE,FALSE,FALSE,FALSE,FALSE,393345.875,FALSE
13191,9,4,1962,894,1475,2,987,1,1,TRUE,FALSE,TRUE,TRUE,TRUE,252214.1719,FALSE
13344,6,9,1957,3778,848,1,996,1,1,FALSE,FALSE,FALSE,FALSE,FALSE,574520.75,FALSE
2698,3,5,1954,1859,808,0,246,3,0,TRUE,FALSE,TRUE,FALSE,TRUE,283112.7813,FALSE
12352,8,3,2009,3140,978,0,530,1,0,TRUE,FALSE,TRUE,TRUE,TRUE,470308.9688,FALSE
14289,9,2,1950,3061,1924,0,857,1,0,TRUE,FALSE,FALSE,TRUE,TRUE,499666.5313,FALSE
6737,6,2,1985,3749,415,0,947,2,1,FALSE,FALSE,FALSE,TRUE,TRUE,574822.9375,FALSE
2854,7,3,1984,2943,725,3,537,1,0,FALSE,FALSE,TRUE,TRUE,FALSE,459791.0625,FALSE
10164,1,2,2015,870,1527,1,728,1,1,FALSE,FALSE,TRUE,TRUE,FALSE,161277.5156,FALSE
7855,5,4,2012,1357,453,1,153,2,1,FALSE,TRUE,TRUE,TRUE,TRUE,225788.1719,FALSE
9392,5,2,1972,1290,1314,2,153,3,0,TRUE,FALSE,TRUE,FALSE,TRUE,210074.4063,FALSE
8528,4,9,1958,1157,1557,1,685,3,1,FALSE,TRUE,TRUE,TRUE,TRUE,242015.8438,FALSE
13666,6,2,1983,3889,1216,1,91,2,0,TRUE,FALSE,FALSE,TRUE,TRUE,548667.4375,FALSE
7249,7,9,1995,3283,149,1,432,2,1,FALSE,FALSE,TRUE,FALSE,TRUE,505901.125,FALSE
7172,9,6,1953,1892,1903,2,337,3,1,TRUE,FALSE,TRUE,TRUE,FALSE,338368.3125,FALSE
3707,1,1,1979,883,758,0,479,3,0,TRUE,FALSE,TRUE,FALSE,TRUE,152424.4375,FALSE
12969,6,4,2021,2609,778,1,692,3,1,FALSE,TRUE,FALSE,TRUE,TRUE,427165,FALSE
7791,7,1,1952,3052,972,2,130,3,0,TRUE,FALSE,FALSE,TRUE,FALSE,449982.9063,FALSE
11925,3,6,1963,738,762,2,449,3,1,FALSE,FALSE,TRUE,FALSE,FALSE,139306.2969,FALSE
7535,8,4,2009,694,1001,3,992,2,0,TRUE,FALSE,TRUE,TRUE,FALSE,218191.4219,FALSE
6931,5,3,1994,3225,1538,2,809,1,1,TRUE,FALSE,FALSE,FALSE,FALSE,494164.9375,FALSE
5510,9,3,1983,3793,1416,0,786,3,0,TRUE,FALSE,FALSE,TRUE,FALSE,617369.75,TRUE
2202,5,9,1994,2608,1339,1,272,3,0,FALSE,TRUE,FALSE,TRUE,FALSE,377372.5625,FALSE
13447,9,6,2010,1652,75,2,928,1,1,TRUE,FALSE,FALSE,FALSE,FALSE,357315.4375,FALSE
6218,4,9,1965,3537,598,0,587,1,0,TRUE,FALSE,TRUE,TRUE,FALSE,480877.625,FALSE
14688,9,5,2015,3232,1293,2,176,1,1,FALSE,TRUE,FALSE,TRUE,FALSE,503723,FALSE
10958,5,2,1989,2515,224,2,695,1,1,FALSE,TRUE,TRUE,FALSE,TRUE,403932.1875,FALSE
6389,9,8,1966,655,1553,2,830,1,0,FALSE,TRUE,TRUE,TRUE,FALSE,211829.8281,FALSE
4327,3,5,1983,3949,112,2,642,1,0,FALSE,TRUE,FALSE,FALSE,TRUE,522856.1875,FALSE
10004,4,2,1965,1422,250,2,874,2,0,FALSE,FALSE,FALSE,TRUE,TRUE,254090.5,FALSE
4931,9,4,2009,3415,1256,0,48,1,0,FALSE,FALSE,FALSE,FALSE,TRUE,486599.5625,FALSE
9777,6,9,2015,3450,840,1,566,1,0,TRUE,FALSE,FALSE,TRUE,TRUE,511027.1563,FALSE
2197,2,4,2015,2109,1814,1,665,2,1,FALSE,FALSE,TRUE,FALSE,TRUE,305025.6875,FALSE
9125,7,4,1962,3546,713,1,354,1,0,TRUE,FALSE,TRUE,FALSE,TRUE,535215.75,FALSE
3930,2,2,2005,1474,1106,1,711,3,1,FALSE,FALSE,TRUE,TRUE,TRUE,242127.8594,FALSE
13774,2,6,1980,1730,124,0,307,3,0,FALSE,TRUE,FALSE,TRUE,TRUE,258976.5,FALSE
8287,1,2,1983,2935,1198,3,867,1,0,FALSE,TRUE,TRUE,FALSE,FALSE,409104.5313,FALSE
10800,3,7,1988,2314,1092,3,884,2,0,FALSE,FALSE,FALSE,TRUE,TRUE,379014.625,FALSE
13464,6,3,2016,3434,1070,0,629,3,1,FALSE,FALSE,TRUE,FALSE,TRUE,517831.75,FALSE
11339,8,3,1957,1337,883,0,774,2,0,TRUE,FALSE,FALSE,TRUE,TRUE,291043.1875,FALSE
6282,9,5,2004,2507,1279,2,45,3,1,TRUE,FALSE,TRUE,TRUE,TRUE,397369.7813,FALSE
13589,7,3,1976,1863,1750,2,301,1,1,TRUE,FALSE,TRUE,FALSE,FALSE,315159.5625,FALSE
4511,4,2,2002,2887,29,2,867,2,1,FALSE,TRUE,FALSE,FALSE,TRUE,431848.7813,FALSE
11986,6,9,1988,703,280,1,911,2,0,FALSE,TRUE,TRUE,TRUE,FALSE,203836.5469,FALSE
2659,5,2,2014,660,923,2,407,2,1,FALSE,TRUE,TRUE,TRUE,FALSE,160808.9219,FALSE
4811,8,2,1966,891,1260,3,188,3,0,FALSE,TRUE,FALSE,TRUE,TRUE,222725.7188,FALSE
9098,1,8,1979,1268,1271,1,821,3,1,TRUE,FALSE,FALSE,TRUE,TRUE,231947.6094,FALSE
8546,1,9,2002,3122,367,2,829,3,0,FALSE,TRUE,FALSE,TRUE,FALSE,451457.9688,FALSE
11561,6,7,1962,3081,494,1,128,1,1,FALSE,TRUE,FALSE,FALSE,TRUE,433328.8125,FALSE
3986,2,3,1970,1593,1048,3,560,3,0,FALSE,TRUE,FALSE,TRUE,TRUE,255188.4063,FALSE
10338,5,9,1968,3440,1609,2,536,1,0,FALSE,TRUE,TRUE,TRUE,FALSE,491582.4375,FALSE
13411,1,3,2002,904,717,3,265,2,0,FALSE,FALSE,FALSE,FALSE,FALSE,142945.7031,FALSE
4911,7,5,1968,1107,1513,3,117,2,1,TRUE,FALSE,TRUE,FALSE,TRUE,238107.0938,FALSE
3734,1,9,2006,2114,1016,3,463,1,1,TRUE,FALSE,TRUE,FALSE,TRUE,309301.1875,FALSE
3843,4,3,1974,2040,1517,2,143,3,0,FALSE,TRUE,FALSE,TRUE,TRUE,319347.0938,FALSE
10680,9,7,1980,3375,1337,0,441,1,1,FALSE,FALSE,TRUE,FALSE,FALSE,538605.125,FALSE
4976,1,1,2004,3691,605,2,199,2,1,TRUE,FALSE,TRUE,FALSE,TRUE,482638.8438,FALSE
3959,4,4,1972,2337,374,3,156,2,1,TRUE,FALSE,FALSE,FALSE,FALSE,319733.6875,FALSE
7759,6,4,1981,1189,638,2,486,1,1,FALSE,TRUE,TRUE,FALSE,FALSE,242258.9063,FALSE
8694,6,7,2011,3449,1960,3,859,3,1,FALSE,TRUE,FALSE,TRUE,TRUE,549127.625,FALSE
4385,8,8,1959,1740,1048,0,133,3,1,TRUE,FALSE,FALSE,TRUE,FALSE,330190.4688,FALSE
13111,1,1,2021,2603,1357,1,911,1,1,TRUE,FALSE,FALSE,TRUE,TRUE,377351.7813,FALSE
6736,7,5,2003,865,1378,0,147,1,0,FALSE,FALSE,TRUE,FALSE,TRUE,175783.2813,FALSE
3802,1,7,2001,2222,115,0,335,3,0,TRUE,FALSE,TRUE,FALSE,FALSE,298013.4063,FALSE
10155,7,4,1969,954,47,1,70,2,1,TRUE,FALSE,TRUE,FALSE,TRUE,201357.8438,FALSE
10120,3,4,1981,603,1761,2,232,1,0,FALSE,TRUE,TRUE,FALSE,FALSE,109115.9609,FALSE
8616,8,4,1963,576,1801,1,333,3,0,TRUE,FALSE,FALSE,FALSE,FALSE,161459.375,FALSE
7534,3,6,1999,729,98,2,810,3,0,FALSE,TRUE,TRUE,FALSE,TRUE,173156.0781,FALSE
6061,1,7,1977,2437,1482,2,665,2,1,TRUE,FALSE,FALSE,TRUE,TRUE,338539.2188,FALSE
13561,8,2,2002,3829,1546,3,89,2,1,TRUE,FALSE,TRUE,TRUE,TRUE,535179.5625,FALSE
2262,3,5,1973,3835,1620,3,333,2,1,TRUE,FALSE,TRUE,FALSE,TRUE,517750.125,FALSE
8287,2,4,1971,2878,404,1,198,2,1,FALSE,FALSE,TRUE,TRUE,FALSE,369347.1875,FALSE
10815,1,3,1979,1705,1237,0,160,2,1,FALSE,TRUE,TRUE,FALSE,FALSE,221664.2656,FALSE
11208,3,7,2012,1392,684,1,537,1,0,FALSE,FALSE,TRUE,FALSE,FALSE,230669.7031,FALSE
13835,2,6,1953,2073,902,2,120,3,1,TRUE,FALSE,FALSE,TRUE,TRUE,272730.9063,FALSE
4049,2,7,2008,3235,502,3,300,1,0,FALSE,FALSE,TRUE,FALSE,FALSE,442140.2188,FALSE
7423,6,5,1957,2574,1744,1,723,1,1,FALSE,TRUE,TRUE,TRUE,FALSE,413886.5625,FALSE
13915,1,6,1961,3847,1471,1,574,1,0,TRUE,FALSE,TRUE,FALSE,TRUE,511677.4688,FALSE
6548,2,5,1980,2175,893,3,962,1,1,FALSE,FALSE,TRUE,FALSE,TRUE,344693.5,FALSE
5108,6,7,1983,798,1599,3,435,1,1,FALSE,FALSE,FALSE,TRUE,TRUE,173044.0313,FALSE
14282,3,2,1998,1456,257,3,67,2,1,FALSE,TRUE,TRUE,FALSE,FALSE,214276.6094,FALSE
9158,4,5,2006,3346,843,2,764,2,1,FALSE,FALSE,FALSE,FALSE,TRUE,503813.625,FALSE
12248,1,6,1975,1614,120,3,921,3,1,FALSE,TRUE,TRUE,FALSE,FALSE,263108.8438,FALSE
9400,8,6,1967,3027,809,0,458,1,1,TRUE,FALSE,FALSE,TRUE,FALSE,460175.3125,FALSE
5170,7,5,1987,3120,977,1,513,3,0,TRUE,FALSE,FALSE,FALSE,FALSE,490003.8125,FALSE
11874,7,7,1999,3005,53,3,397,2,1,FALSE,FALSE,FALSE,FALSE,FALSE,456265.9063,FALSE
4255,3,8,1957,1974,1018,3,619,2,0,TRUE,FALSE,FALSE,FALSE,FALSE,325058.5938,FALSE
3154,3,7,1990,864,1354,2,285,2,1,TRUE,FALSE,FALSE,TRUE,TRUE,164686.0469,FALSE
6499,2,5,1955,3406,783,2,560,1,0,FALSE,FALSE,TRUE,TRUE,FALSE,468274.5938,FALSE
8295,1,1,2018,2198,240,1,139,1,0,TRUE,FALSE,FALSE,TRUE,TRUE,277359.25,FALSE
8197,7,5,1993,850,1778,0,729,2,0,FALSE,FALSE,TRUE,TRUE,FALSE,212277.8281,FALSE
13383,7,2,2013,3971,1553,1,555,3,0,FALSE,TRUE,FALSE,TRUE,FALSE,577479.8125,FALSE
11888,2,5,1978,2800,482,3,928,3,0,FALSE,TRUE,FALSE,FALSE,TRUE,399666.6563,FALSE
14183,7,5,1977,3328,1012,0,780,2,0,FALSE,TRUE,TRUE,TRUE,FALSE,526427.875,FALSE
14915,8,2,1960,2404,186,0,589,3,1,FALSE,FALSE,FALSE,TRUE,FALSE,414016.25,FALSE
14874,1,5,2014,3350,1881,0,727,2,0,FALSE,FALSE,FALSE,FALSE,TRUE,447846.3438,FALSE
3648,9,4,1968,1511,655,0,893,3,1,TRUE,FALSE,FALSE,TRUE,TRUE,322016.1563,FALSE
7539,7,1,1958,3006,261,1,609,2,1,TRUE,FALSE,FALSE,FALSE,FALSE,466160.2188,FALSE
11637,3,3,1976,3464,952,2,747,3,0,TRUE,FALSE,TRUE,TRUE,FALSE,500709.0938,FALSE
6199,8,1,1983,998,1387,2,281,1,0,TRUE,FALSE,FALSE,FALSE,FALSE,217250.5938,FALSE
14115,7,5,1993,1449,490,3,660,2,1,TRUE,FALSE,FALSE,FALSE,TRUE,275049.6563,FALSE
10445,8,4,2017,2494,430,2,923,2,0,FALSE,FALSE,TRUE,TRUE,FALSE,423273.25,FALSE
13375,6,7,1964,2546,238,2,815,3,0,FALSE,FALSE,TRUE,TRUE,TRUE,419345.6875,FALSE
4557,9,5,2000,1007,303,2,995,2,0,FALSE,TRUE,FALSE,FALSE,TRUE,266782.25,FALSE
7592,5,4,1962,1827,297,2,935,2,0,FALSE,TRUE,FALSE,FALSE,FALSE,327899.0938,FALSE
2098,3,2,1998,3048,75,3,577,2,0,FALSE,TRUE,TRUE,FALSE,TRUE,424256.125,FALSE
4200,3,4,2019,3350,1723,1,745,1,0,FALSE,TRUE,FALSE,FALSE,FALSE,484457.4688,FALSE
4961,1,2,2005,3145,1356,0,456,1,0,FALSE,FALSE,TRUE,FALSE,FALSE,406988.625,FALSE
6973,8,8,2000,665,1923,2,86,3,1,FALSE,FALSE,FALSE,FALSE,TRUE,167842.4375,FALSE
6433,2,3,1986,3986,998,1,78,1,0,FALSE,FALSE,TRUE,FALSE,TRUE,519442.75,FALSE
13969,3,9,1966,3009,1781,2,204,3,1,TRUE,FALSE,TRUE,TRUE,TRUE,421899.6875,FALSE
4869,8,4,2007,1419,641,2,790,1,1,TRUE,FALSE,TRUE,FALSE,TRUE,286477.5,FALSE
13426,8,6,1978,613,1497,0,336,3,1,FALSE,TRUE,FALSE,TRUE,TRUE,181442.6406,FALSE
13983,4,5,1982,1491,826,0,253,1,1,TRUE,FALSE,FALSE,TRUE,TRUE,227826.7656,FALSE
2956,4,1,2009,3927,1946,0,303,1,0,FALSE,FALSE,FALSE,FALSE,FALSE,539692.375,FALSE
14259,5,9,2004,2451,282,2,379,3,1,FALSE,TRUE,FALSE,FALSE,FALSE,370482.6875,FALSE
10352,6,1,1959,2754,590,2,129,2,1,FALSE,TRUE,TRUE,TRUE,FALSE,392651.2188,FALSE
7699,5,8,1996,1758,71,2,595,2,1,TRUE,FALSE,TRUE,FALSE,TRUE,315070.4063,FALSE
8944,7,9,1972,3926,1286,0,275,1,1,FALSE,TRUE,TRUE,FALSE,TRUE,556729.5,FALSE
6493,2,9,1970,1014,702,3,698,3,1,TRUE,FALSE,FALSE,TRUE,TRUE,203013.25,FALSE
11492,7,1,1962,1731,1902,1,557,2,0,TRUE,FALSE,FALSE,TRUE,FALSE,323453.6875,FALSE
6911,7,2,1982,1208,1910,3,898,3,0,FALSE,TRUE,FALSE,TRUE,FALSE,262782.5625,FALSE
5987,1,1,1973,3696,1965,2,182,2,1,TRUE,FALSE,TRUE,FALSE,TRUE,478097.6875,FALSE
11719,7,2,1960,2685,574,2,267,3,0,TRUE,FALSE,FALSE,FALSE,TRUE,434925.9375,FALSE
8015,5,8,1966,838,999,3,807,1,0,TRUE,FALSE,FALSE,TRUE,TRUE,181781.6406,FALSE
3218,3,5,2017,3084,891,2,321,3,1,TRUE,FALSE,TRUE,FALSE,TRUE,422239.625,FALSE
6496,3,7,1996,567,11,1,511,2,1,FALSE,TRUE,TRUE,TRUE,FALSE,132953.0156,FALSE
6735,4,2,1974,2096,140,2,611,1,1,FALSE,FALSE,FALSE,FALSE,FALSE,340188.4063,FALSE
13296,2,8,1970,2064,1789,1,77,3,0,FALSE,FALSE,TRUE,TRUE,FALSE,279519.625,FALSE
12927,2,6,1961,882,1578,3,783,2,1,TRUE,FALSE,FALSE,FALSE,TRUE,156505.5313,FALSE
6555,1,8,1986,518,16,3,338,1,0,TRUE,FALSE,TRUE,TRUE,FALSE,113990.6875,FALSE
11146,5,1,1991,3230,1086,2,673,3,0,TRUE,FALSE,TRUE,FALSE,TRUE,486519.9375,FALSE
10050,4,1,1966,2621,252,1,555,2,0,FALSE,FALSE,TRUE,FALSE,TRUE,392372,FALSE
14757,2,7,1997,1072,464,2,508,3,1,TRUE,FALSE,FALSE,TRUE,TRUE,202603.5313,FALSE
5446,3,8,1977,3486,375,0,237,3,0,FALSE,TRUE,FALSE,FALSE,FALSE,461259,FALSE
3045,7,3,1990,1799,1827,0,133,1,1,FALSE,TRUE,FALSE,FALSE,FALSE,316800.0625,FALSE
8893,7,5,1996,3619,980,0,972,1,1,FALSE,TRUE,TRUE,TRUE,TRUE,577258.125,FALSE
3693,4,1,1967,2758,519,0,191,2,1,FALSE,FALSE,TRUE,FALSE,FALSE,407480.3438,FALSE
5436,5,7,2020,3402,1860,2,355,1,1,TRUE,FALSE,TRUE,FALSE,TRUE,472763.6563,FALSE
10754,5,5,1962,2443,89,0,277,2,1,TRUE,FALSE,TRUE,FALSE,TRUE,355152.4688,FALSE
12677,6,8,1962,1150,719,1,17,3,0,TRUE,FALSE,FALSE,TRUE,TRUE,228888.3906,FALSE
7895,9,8,1980,2145,803,3,523,3,0,FALSE,FALSE,FALSE,TRUE,FALSE,389806.4063,FALSE
5354,2,9,1951,1493,795,3,179,2,0,FALSE,FALSE,FALSE,TRUE,FALSE,222352.5,FALSE
2225,5,7,1965,3242,629,0,122,3,0,FALSE,FALSE,TRUE,TRUE,TRUE,477024.6563,FALSE
6893,3,1,1958,3087,1884,0,245,1,0,FALSE,FALSE,TRUE,TRUE,FALSE,432845.5,FALSE
9022,4,3,1987,3762,1198,0,733,3,1,FALSE,TRUE,FALSE,FALSE,FALSE,556688.5,FALSE
11151,6,8,2003,1838,75,2,372,1,1,FALSE,FALSE,TRUE,FALSE,FALSE,309227.625,FALSE
7600,8,3,2005,1400,1636,3,50,2,0,FALSE,FALSE,FALSE,TRUE,FALSE,247759.8438,FALSE
14740,1,8,1994,2184,925,0,999,2,0,FALSE,FALSE,TRUE,FALSE,TRUE,321424.0938,FALSE
13259,8,1,1983,3327,1686,1,70,3,0,TRUE,FALSE,TRUE,FALSE,FALSE,499414.7813,FALSE
9996,7,5,1958,2085,399,0,479,3,1,TRUE,FALSE,FALSE,FALSE,TRUE,338208.1875,FALSE
11007,1,4,1957,2423,1805,3,559,1,1,TRUE,FALSE,FALSE,FALSE,TRUE,345647.6875,FALSE
14946,2,5,1956,2281,969,0,18,1,1,FALSE,TRUE,TRUE,TRUE,FALSE,301450.875,FALSE
9683,3,8,1985,1636,1094,3,773,3,0,FALSE,TRUE,FALSE,TRUE,TRUE,273889.6563,FALSE
6642,1,4,1967,2717,1203,0,83,3,0,FALSE,FALSE,FALSE,FALSE,TRUE,371385.7188,FALSE
13312,9,4,1952,2444,1147,1,154,2,0,TRUE,FALSE,TRUE,FALSE,FALSE,394133.4688,FALSE
9679,8,3,1977,1537,1404,0,564,2,0,FALSE,TRUE,TRUE,TRUE,TRUE,286518.1563,FALSE
10208,2,7,2019,2238,1316,1,618,2,1,TRUE,FALSE,TRUE,FALSE,TRUE,335169.6875,FALSE
9339,9,3,1993,787,796,1,356,3,0,FALSE,TRUE,FALSE,FALSE,FALSE,200299.125,FALSE
11435,7,3,1970,2736,194,0,815,3,0,FALSE,TRUE,TRUE,FALSE,FALSE,460450.75,FALSE
4205,9,5,1977,3461,1934,1,646,3,0,FALSE,FALSE,TRUE,TRUE,FALSE,560350.375,FALSE
12716,6,5,2003,3726,227,2,442,2,1,FALSE,FALSE,TRUE,TRUE,FALSE,556738.1875,FALSE
3069,6,6,2003,2090,1454,0,68,3,1,FALSE,TRUE,TRUE,FALSE,FALSE,309978,FALSE
5444,4,8,2014,3241,1965,0,522,1,0,FALSE,FALSE,TRUE,FALSE,TRUE,462667.25,FALSE
12757,2,6,1970,2245,1459,1,142,3,1,FALSE,TRUE,FALSE,FALSE,TRUE,306485.6875,FALSE
3060,7,1,1962,3435,1810,1,191,3,1,FALSE,TRUE,TRUE,FALSE,FALSE,494032.6875,FALSE
4327,5,8,2006,3018,460,0,386,3,1,TRUE,FALSE,TRUE,FALSE,FALSE,462083.375,FALSE
5420,6,8,1998,1598,617,2,377,3,1,FALSE,FALSE,FALSE,FALSE,TRUE,273630.25,FALSE
2301,2,9,2003,2824,1044,1,580,3,1,FALSE,FALSE,TRUE,TRUE,FALSE,387895.4688,FALSE
14468,5,9,1959,1439,63,1,534,1,0,FALSE,FALSE,TRUE,TRUE,FALSE,266571.5,FALSE
2606,4,2,2002,3914,164,3,692,1,0,TRUE,FALSE,FALSE,FALSE,TRUE,552740.75,FALSE
5170,9,2,1993,1948,26,2,292,3,0,TRUE,FALSE,TRUE,TRUE,TRUE,358597.625,FALSE
2699,6,3,1996,1070,1334,2,8,2,1,TRUE,FALSE,FALSE,FALSE,TRUE,211598.1094,FALSE
7088,2,1,2002,3404,1011,0,270,3,1,FALSE,FALSE,TRUE,FALSE,FALSE,452252.5,FALSE
11331,1,4,1995,1500,284,2,386,3,1,FALSE,FALSE,FALSE,TRUE,TRUE,206408.375,FALSE
2190,5,4,1962,1705,1683,0,92,3,1,FALSE,FALSE,FALSE,TRUE,FALSE,274293.5,FALSE
12492,9,9,1986,3005,280,3,965,2,0,TRUE,FALSE,TRUE,FALSE,TRUE,524561.1875,FALSE
2980,6,9,1973,1417,837,2,528,2,0,TRUE,FALSE,FALSE,FALSE,FALSE,269280.125,FALSE
4975,7,9,1951,2374,830,1,153,2,0,FALSE,TRUE,FALSE,TRUE,FALSE,377080.75,FALSE
8102,5,7,1963,1332,1187,3,404,1,0,TRUE,FALSE,TRUE,TRUE,FALSE,250687.4063,FALSE
3184,6,2,1959,3635,1921,0,839,2,0,FALSE,TRUE,TRUE,FALSE,TRUE,530432.25,FALSE
5327,5,5,1984,3386,917,3,148,1,0,FALSE,FALSE,FALSE,FALSE,TRUE,484500.9688,FALSE
5394,9,4,1974,3831,223,0,888,1,1,TRUE,FALSE,TRUE,FALSE,TRUE,608280.5,FALSE
10319,6,8,1952,2740,783,3,266,2,1,FALSE,FALSE,FALSE,TRUE,FALSE,403308.5938,FALSE
12257,8,2,1966,2178,1169,0,421,2,0,FALSE,FALSE,FALSE,FALSE,TRUE,358060.875,FALSE
3816,2,6,1961,1115,964,2,839,2,1,FALSE,FALSE,TRUE,TRUE,TRUE,194698.625,FALSE
7854,9,5,2003,905,949,1,617,1,0,FALSE,FALSE,TRUE,FALSE,FALSE,224793.4375,FALSE
8709,5,2,1973,2249,1891,0,471,3,0,TRUE,FALSE,FALSE,TRUE,FALSE,376569.8125,FALSE
2569,7,1,1978,3490,1053,3,892,2,1,FALSE,FALSE,TRUE,TRUE,TRUE,533727.9375,FALSE
7442,1,8,1992,3268,44,0,546,2,0,FALSE,TRUE,TRUE,TRUE,TRUE,440848.5313,FALSE
3895,5,2,1974,592,1810,0,630,2,0,TRUE,FALSE,FALSE,TRUE,TRUE,169701.9219,FALSE
4733,2,7,2009,2977,470,0,525,1,0,FALSE,FALSE,FALSE,FALSE,FALSE,405852.0313,FALSE
5863,6,9,2014,1153,33,3,502,1,1,TRUE,FALSE,FALSE,TRUE,TRUE,237205.5938,FALSE
14913,1,9,1977,3975,652,1,13,3,1,FALSE,TRUE,FALSE,TRUE,FALSE,511018.5,FALSE
9455,3,8,1965,933,1450,2,777,2,1,FALSE,FALSE,FALSE,TRUE,FALSE,190365.4375,FALSE
6014,5,9,1996,1635,829,1,651,1,1,FALSE,TRUE,FALSE,FALSE,TRUE,282307.3125,FALSE
13093,4,2,2007,874,1909,0,805,3,0,FALSE,FALSE,TRUE,FALSE,TRUE,183961.1563,FALSE
3686,3,6,1976,3630,220,3,363,2,1,FALSE,TRUE,FALSE,FALSE,FALSE,502722.1563,FALSE
5009,5,4,2002,1566,1891,1,118,1,1,FALSE,FALSE,TRUE,FALSE,FALSE,238271.9844,FALSE
9806,8,4,1991,706,533,0,237,2,1,TRUE,FALSE,TRUE,FALSE,TRUE,206236.6094,FALSE
2154,4,5,2008,1279,691,2,545,2,0,FALSE,FALSE,FALSE,FALSE,TRUE,215104.625,FALSE
12729,1,3,1996,1819,1971,2,168,1,1,TRUE,FALSE,TRUE,TRUE,TRUE,227276.6406,FALSE
3409,7,1,1983,1641,1390,2,521,1,1,FALSE,FALSE,FALSE,TRUE,FALSE,307997.5,FALSE
14249,8,8,1986,1031,931,0,633,1,0,FALSE,FALSE,TRUE,TRUE,FALSE,243846.6875,FALSE
2784,3,5,1955,3793,840,3,912,2,0,FALSE,TRUE,FALSE,FALSE,TRUE,534977.625,FALSE
13367,6,3,1956,2713,1766,1,656,2,0,FALSE,TRUE,FALSE,TRUE,FALSE,410917.0313,FALSE
10096,2,7,1974,3190,1010,2,962,3,0,FALSE,TRUE,FALSE,TRUE,FALSE,473479.4688,FALSE
9560,7,7,1982,3727,1938,0,957,2,1,FALSE,FALSE,FALSE,FALSE,TRUE,562044.625,FALSE
14533,8,1,2004,3755,1573,0,734,1,0,FALSE,FALSE,TRUE,TRUE,FALSE,591502.8125,FALSE
9343,6,9,2007,589,581,1,882,2,1,FALSE,FALSE,TRUE,FALSE,TRUE,196515.8281,FALSE
9206,6,2,1956,1617,1139,2,768,3,1,TRUE,FALSE,TRUE,TRUE,TRUE,317074.8438,FALSE
7596,5,5,2006,512,238,0,779,3,1,TRUE,FALSE,TRUE,FALSE,FALSE,161899.375,FALSE
7801,8,5,1961,3520,1358,1,870,1,1,FALSE,FALSE,TRUE,FALSE,FALSE,532585.3125,FALSE
4806,1,8,1965,2357,440,3,515,1,1,FALSE,TRUE,FALSE,FALSE,TRUE,324423.4063,FALSE
2537,4,8,1992,1304,147,3,937,3,0,FALSE,TRUE,FALSE,TRUE,FALSE,257115.0469,FALSE
7986,4,7,1956,1444,1032,3,396,3,1,FALSE,TRUE,FALSE,TRUE,TRUE,251723.0156,FALSE
3841,3,7,2000,3289,1311,2,865,3,1,FALSE,FALSE,FALSE,FALSE,FALSE,493675.125,FALSE
12647,3,6,1981,2357,387,1,105,1,1,FALSE,TRUE,FALSE,FALSE,FALSE,330866.25,FALSE
10716,4,6,1957,2110,1073,1,84,3,0,FALSE,FALSE,TRUE,TRUE,FALSE,322139.3125,FALSE
8971,1,9,2021,3423,1873,0,213,3,1,TRUE,FALSE,FALSE,TRUE,TRUE,458934.0938,FALSE
7625,2,6,1994,2459,1540,0,120,1,1,FALSE,TRUE,FALSE,FALSE,FALSE,343961.9063,FALSE
4950,9,2,2008,3721,915,0,131,2,0,TRUE,FALSE,TRUE,TRUE,TRUE,576964.4375,FALSE
9992,2,2,1953,3207,1878,1,849,2,1,FALSE,TRUE,TRUE,TRUE,TRUE,459470.0625,FALSE
14323,5,5,2016,3579,637,0,196,3,1,FALSE,FALSE,FALSE,TRUE,TRUE,512631.2813,FALSE
6780,9,4,1978,1552,1610,1,18,2,0,FALSE,FALSE,FALSE,FALSE,FALSE,304016,FALSE
14307,9,2,1978,795,1700,1,641,2,1,FALSE,FALSE,TRUE,FALSE,TRUE,225271.9531,FALSE
4368,8,3,1977,3533,277,3,11,2,1,FALSE,FALSE,FALSE,TRUE,TRUE,500243.1563,FALSE
14039,1,7,1993,1425,1977,0,80,2,1,FALSE,TRUE,FALSE,FALSE,FALSE,197047.4531,FALSE
8655,1,8,1953,1139,1859,3,329,3,1,TRUE,FALSE,FALSE,TRUE,TRUE,189219.0469,FALSE
10173,9,6,1958,2887,988,2,865,2,1,FALSE,FALSE,TRUE,TRUE,TRUE,492775.125,FALSE
6495,8,5,1954,1127,1323,2,773,2,0,FALSE,TRUE,FALSE,FALSE,FALSE,261614.2188,FALSE
12893,9,1,2005,2986,1825,2,391,1,0,TRUE,FALSE,FALSE,FALSE,TRUE,482290,FALSE
11163,7,8,1999,1667,588,1,636,3,0,FALSE,FALSE,TRUE,FALSE,FALSE,314028.6875,FALSE
8002,3,3,1964,1441,1833,1,306,1,1,TRUE,FALSE,TRUE,TRUE,TRUE,218858.5,FALSE
8614,3,6,1981,1329,648,1,266,1,1,FALSE,FALSE,TRUE,TRUE,TRUE,190033.7969,FALSE
11358,2,3,1977,2270,617,0,446,3,1,TRUE,FALSE,FALSE,FALSE,FALSE,332734.7188,FALSE
7919,5,7,1971,3066,1630,3,440,2,0,TRUE,FALSE,TRUE,FALSE,TRUE,461263.7188,FALSE
12966,3,7,1966,1475,134,1,894,1,1,FALSE,FALSE,FALSE,FALSE,TRUE,239204.7344,FALSE
12174,6,9,2008,3616,579,3,651,3,1,FALSE,TRUE,TRUE,TRUE,TRUE,548300.875,FALSE
2853,2,5,2020,1454,1170,3,840,2,1,TRUE,FALSE,FALSE,TRUE,FALSE,234807.0156,FALSE
6146,3,8,2006,1762,489,3,1,3,0,FALSE,FALSE,TRUE,TRUE,FALSE,267809.7188,FALSE
13928,5,8,1975,1451,477,0,519,1,0,TRUE,FALSE,FALSE,FALSE,FALSE,262925,FALSE
5769,1,1,1974,1443,1182,0,761,2,1,TRUE,FALSE,FALSE,FALSE,FALSE,231929.6094,FALSE
2574,1,5,1959,2702,383,2,650,2,1,FALSE,TRUE,TRUE,TRUE,FALSE,379416.9688,FALSE
13453,9,3,1994,1704,162,2,635,3,1,TRUE,FALSE,TRUE,FALSE,TRUE,354546.25,FALSE
3148,7,1,1960,3786,440,3,308,2,0,TRUE,FALSE,FALSE,FALSE,FALSE,544915.75,FALSE
8293,1,4,2002,2635,1876,2,739,1,0,FALSE,FALSE,TRUE,FALSE,FALSE,378581.2188,FALSE
8457,8,8,2021,3827,1212,3,521,1,0,FALSE,FALSE,FALSE,FALSE,FALSE,555885.75,FALSE
9509,3,3,2017,2034,414,0,468,1,1,FALSE,TRUE,TRUE,TRUE,TRUE,289988.4688,FALSE
11907,8,2,1977,1596,1362,0,211,3,0,TRUE,FALSE,TRUE,FALSE,TRUE,299870.3438,FALSE
6777,5,9,2014,3478,1630,0,111,2,1,TRUE,FALSE,FALSE,TRUE,FALSE,466413.75,FALSE
5854,1,5,1998,678,1204,1,7,2,1,TRUE,FALSE,TRUE,TRUE,TRUE,113959.1094,FALSE
4491,7,7,1996,2759,287,3,803,2,0,FALSE,TRUE,TRUE,FALSE,TRUE,444705.8125,FALSE
12852,5,2,2001,2328,1857,0,476,1,1,TRUE,FALSE,FALSE,TRUE,TRUE,339643.9688,FALSE
5124,6,9,2003,1757,186,3,873,2,0,FALSE,FALSE,FALSE,TRUE,TRUE,309083,FALSE
7691,6,9,2009,964,1907,2,459,1,1,FALSE,TRUE,TRUE,FALSE,FALSE,213622.4375,FALSE
5051,8,4,2006,2274,1161,2,252,2,1,FALSE,FALSE,FALSE,TRUE,FALSE,379007.625,FALSE
2004,9,4,1996,3794,129,0,525,1,0,FALSE,FALSE,TRUE,TRUE,TRUE,591617.4375,FALSE
7222,2,6,1980,3178,193,3,751,2,1,FALSE,TRUE,TRUE,TRUE,TRUE,444835.8438,FALSE
7315,9,6,1995,3372,315,0,437,3,1,FALSE,FALSE,FALSE,TRUE,TRUE,527114.5,FALSE
6869,9,1,1975,3835,1808,2,753,3,1,TRUE,FALSE,FALSE,TRUE,TRUE,607266.6875,FALSE
2876,7,9,1954,1730,1887,0,980,1,1,FALSE,TRUE,FALSE,TRUE,FALSE,341858.5625,FALSE
11183,1,2,2001,3154,143,3,853,1,1,FALSE,FALSE,FALSE,TRUE,TRUE,442419,FALSE
9027,7,5,2003,1384,15,2,660,2,1,TRUE,FALSE,FALSE,TRUE,FALSE,260224.875,FALSE
6142,5,9,1982,2913,1325,1,235,2,1,TRUE,FALSE,FALSE,FALSE,TRUE,402508.5625,FALSE
8966,6,4,1999,2823,422,2,305,3,1,FALSE,FALSE,TRUE,FALSE,FALSE,412435.4688,FALSE
9079,7,3,1987,2927,244,1,477,2,0,TRUE,FALSE,TRUE,FALSE,TRUE,471085.8438,FALSE
9987,5,7,1976,1832,926,0,678,1,0,FALSE,TRUE,FALSE,TRUE,FALSE,316152.6875,FALSE
8799,7,6,1964,2154,1130,0,19,1,1,FALSE,FALSE,TRUE,TRUE,FALSE,339604.5,FALSE
14556,9,8,2010,3839,1111,3,215,1,1,TRUE,FALSE,TRUE,TRUE,FALSE,582356.5625,FALSE
6465,3,3,1970,1444,128,1,854,1,0,TRUE,FALSE,TRUE,FALSE,TRUE,244647.7813,FALSE
2635,8,5,1995,3635,906,0,134,1,1,FALSE,FALSE,TRUE,FALSE,FALSE,535172.375,FALSE
3693,2,4,2018,3357,886,1,904,3,0,FALSE,FALSE,FALSE,FALSE,TRUE,471465.0625,FALSE
11874,7,4,1955,3921,340,0,128,3,0,FALSE,FALSE,TRUE,TRUE,FALSE,575684.8125,FALSE
6752,2,4,1987,1424,3,2,409,1,0,FALSE,FALSE,TRUE,FALSE,FALSE,231292.2344,FALSE
10311,4,8,2011,2438,1350,0,421,2,1,FALSE,TRUE,FALSE,FALSE,TRUE,351306.2188,FALSE
2830,7,6,2011,993,1433,3,293,1,1,FALSE,FALSE,FALSE,TRUE,FALSE,193770.8125,FALSE
13867,3,3,1995,2046,1902,2,245,3,1,FALSE,TRUE,FALSE,FALSE,TRUE,312762.9063,FALSE
7177,2,5,1962,3669,305,3,700,1,0,FALSE,TRUE,FALSE,TRUE,TRUE,482367.4063,FALSE
11561,7,6,1952,2469,907,2,555,3,0,FALSE,FALSE,TRUE,FALSE,TRUE,410699.0938,FALSE
10932,1,5,1955,1594,606,1,85,3,0,FALSE,TRUE,FALSE,TRUE,TRUE,219373.9531,FALSE
10308,8,6,1957,2911,1744,3,555,1,1,FALSE,FALSE,TRUE,TRUE,FALSE,448745.125,FALSE
7949,3,8,1993,3117,1248,0,841,1,0,FALSE,FALSE,TRUE,TRUE,FALSE,460092.4375,FALSE
4838,2,7,1982,2325,1994,1,374,2,0,TRUE,FALSE,FALSE,TRUE,TRUE,323739.6563,FALSE
3150,3,5,1999,1262,1371,0,445,3,1,FALSE,FALSE,FALSE,TRUE,FALSE,232651.9688,FALSE
9560,5,6,1960,2823,991,2,377,2,0,TRUE,FALSE,FALSE,FALSE,FALSE,430584.0625,FALSE
3931,8,4,1977,549,320,2,389,1,0,FALSE,TRUE,FALSE,TRUE,TRUE,153407.2344,FALSE
11204,7,9,2019,3929,558,0,656,3,1,TRUE,FALSE,FALSE,TRUE,FALSE,590684.1875,FALSE
3664,7,4,1990,3275,1204,0,50,2,1,FALSE,TRUE,FALSE,TRUE,TRUE,490595.5625,FALSE
3081,7,1,1965,1405,617,1,241,2,0,FALSE,FALSE,TRUE,TRUE,FALSE,246012.8594,FALSE
14921,8,7,2017,3475,710,0,293,2,1,FALSE,TRUE,TRUE,FALSE,FALSE,533532.8125,FALSE
2512,1,7,1997,1063,1409,3,919,1,0,FALSE,TRUE,TRUE,TRUE,TRUE,175382.1406,FALSE
13041,4,4,2005,1282,1641,3,562,1,1,FALSE,FALSE,TRUE,FALSE,FALSE,242469.6094,FALSE
9805,6,3,2013,3032,1815,0,265,1,0,FALSE,TRUE,FALSE,TRUE,FALSE,438035.4688,FALSE
7237,9,8,2008,3655,1795,3,119,3,1,FALSE,FALSE,FALSE,TRUE,TRUE,534290.875,FALSE
2559,2,5,2011,2540,1131,0,711,1,0,TRUE,FALSE,TRUE,FALSE,FALSE,355429.2813,FALSE
5672,1,7,1960,2331,530,1,916,3,1,FALSE,FALSE,TRUE,FALSE,TRUE,362431.4063,FALSE
14775,2,4,1967,1083,409,3,247,2,1,FALSE,FALSE,TRUE,FALSE,FALSE,170051.125,FALSE
9404,7,4,1968,1819,1994,3,69,2,1,FALSE,TRUE,FALSE,TRUE,TRUE,287034.1563,FALSE
5343,3,8,2004,735,1319,0,852,1,1,TRUE,FALSE,FALSE,FALSE,TRUE,171900.0156,FALSE
6070,2,8,1975,2603,817,3,56,2,1,FALSE,FALSE,FALSE,TRUE,TRUE,338405.5625,FALSE
14991,7,2,1955,2442,1194,2,381,1,1,TRUE,FALSE,TRUE,FALSE,TRUE,379431.0625,FALSE
11662,2,2,1953,859,1354,1,38,3,1,TRUE,FALSE,TRUE,FALSE,TRUE,127327.8359,FALSE
2580,3,3,1978,2430,492,1,983,2,0,FALSE,TRUE,FALSE,TRUE,FALSE,394271.2813,FALSE
9004,7,3,2008,609,1218,3,800,1,0,FALSE,FALSE,FALSE,FALSE,FALSE,179741.5156,FALSE
12486,4,1,1966,691,11,3,442,2,1,FALSE,TRUE,TRUE,FALSE,TRUE,167269.6094,FALSE
10130,1,3,1992,1403,194,2,17,2,1,FALSE,FALSE,TRUE,TRUE,FALSE,169771.25,FALSE
5147,5,6,2015,1616,489,2,951,1,0,TRUE,FALSE,FALSE,TRUE,TRUE,300127.9375,FALSE
6249,9,8,1983,1361,794,3,731,2,0,FALSE,FALSE,TRUE,TRUE,FALSE,312876.3438,FALSE
3679,8,6,1957,3115,880,3,824,2,1,FALSE,FALSE,FALSE,FALSE,FALSE,495293.5938,FALSE
5506,9,5,1962,1583,181,2,755,2,0,TRUE,FALSE,FALSE,FALSE,TRUE,330285.2813,FALSE
9253,9,4,1957,1149,961,0,351,2,0,TRUE,FALSE,TRUE,FALSE,TRUE,245741.4531,FALSE
4744,7,3,2014,538,1840,2,971,3,1,FALSE,FALSE,TRUE,FALSE,FALSE,216316.7188,FALSE
13548,4,4,1992,3620,655,0,815,2,1,FALSE,TRUE,TRUE,FALSE,FALSE,536178.5625,FALSE
14237,5,7,1988,3991,1921,1,297,2,1,FALSE,FALSE,FALSE,TRUE,TRUE,537266.1875,FALSE
11435,1,1,2008,1136,1339,1,282,1,0,TRUE,FALSE,TRUE,FALSE,FALSE,148233.0469,FALSE
7188,1,7,1993,1536,693,2,585,3,1,FALSE,TRUE,TRUE,TRUE,FALSE,243630.5469,FALSE
13310,3,1,1958,535,29,0,109,1,1,TRUE,FALSE,FALSE,FALSE,TRUE,107032.5938,FALSE
4141,8,2,1986,2648,1619,2,179,1,0,TRUE,FALSE,FALSE,TRUE,FALSE,430382.5313,FALSE
13251,2,4,1985,3657,1701,2,937,1,1,FALSE,TRUE,TRUE,FALSE,TRUE,514369.2188,FALSE
14740,4,1,1977,3794,1819,0,543,3,0,TRUE,FALSE,FALSE,FALSE,TRUE,545329.75,FALSE
13151,2,9,1991,1861,1816,2,745,1,0,TRUE,FALSE,FALSE,TRUE,TRUE,304720.75,FALSE
12457,5,6,1992,2483,1119,1,793,1,0,TRUE,FALSE,FALSE,FALSE,FALSE,404254.125,FALSE
8617,9,1,1991,665,1404,3,24,1,0,TRUE,FALSE,TRUE,TRUE,FALSE,176593.4375,FALSE
4479,1,1,2015,2930,777,3,842,2,0,TRUE,FALSE,TRUE,FALSE,TRUE,410439.0938,FALSE
8484,5,6,2004,2379,443,2,790,1,0,TRUE,FALSE,FALSE,FALSE,TRUE,373977.2188,FALSE
14838,9,4,2021,3947,297,0,737,3,1,TRUE,FALSE,FALSE,TRUE,FALSE,632187.6875,TRUE
11827,1,4,1997,3337,807,0,56,3,1,TRUE,FALSE,FALSE,FALSE,FALSE,410114.7188,FALSE
9421,9,6,1971,530,1760,1,179,2,1,TRUE,FALSE,TRUE,TRUE,FALSE,167040.3906,FALSE
11949,8,7,1976,3946,844,0,231,3,0,FALSE,FALSE,FALSE,FALSE,TRUE,571068.3125,FALSE
6452,4,9,2016,510,1015,0,893,3,1,FALSE,FALSE,FALSE,FALSE,TRUE,189525.0313,FALSE
12262,5,5,1962,2511,1384,1,342,2,0,TRUE,FALSE,TRUE,FALSE,FALSE,392237.875,FALSE
7881,5,9,1994,3873,1397,2,476,1,1,FALSE,FALSE,FALSE,FALSE,FALSE,541641.125,FALSE
8665,6,4,1959,2643,553,3,798,2,0,FALSE,TRUE,TRUE,FALSE,FALSE,414167.375,FALSE
4849,7,2,1958,3761,302,1,575,1,1,FALSE,FALSE,TRUE,FALSE,TRUE,566111.4375,FALSE
13443,8,3,2003,3000,420,2,454,1,0,TRUE,FALSE,TRUE,FALSE,TRUE,453978.2188,FALSE
9390,8,1,1976,2739,1269,1,231,3,1,TRUE,FALSE,FALSE,TRUE,FALSE,418462.375,FALSE
8905,2,6,1983,985,1743,2,288,2,0,FALSE,FALSE,FALSE,FALSE,FALSE,165661.6563,FALSE
13922,9,6,1950,1789,1260,1,212,3,1,TRUE,FALSE,TRUE,FALSE,TRUE,329663.9688,FALSE
4489,7,1,1981,1947,1557,2,257,3,0,FALSE,TRUE,FALSE,FALSE,TRUE,345792.25,FALSE
11823,4,3,2020,3699,184,1,529,1,1,FALSE,TRUE,TRUE,TRUE,FALSE,507595.125,FALSE
13008,4,5,2016,2785,467,2,686,3,1,TRUE,FALSE,FALSE,TRUE,FALSE,400052.4688,FALSE
11207,8,3,1969,2443,753,1,928,2,1,FALSE,TRUE,TRUE,FALSE,FALSE,447793.9688,FALSE
11540,4,3,1984,3926,362,3,228,3,0,FALSE,TRUE,TRUE,FALSE,TRUE,538288.0625,FALSE
6611,6,3,1966,2463,1306,3,225,3,0,FALSE,FALSE,FALSE,FALSE,FALSE,376867.0625,FALSE
13279,5,5,1967,3683,1576,0,595,1,0,FALSE,TRUE,FALSE,TRUE,TRUE,528794.5625,FALSE
4839,3,5,1994,2351,335,2,802,2,0,FALSE,FALSE,FALSE,FALSE,TRUE,346264.3438,FALSE
10527,2,4,2002,1969,161,1,434,3,0,TRUE,FALSE,FALSE,TRUE,FALSE,280788.4063,FALSE
7878,9,1,2017,1866,1183,2,881,1,1,FALSE,FALSE,TRUE,FALSE,FALSE,346783.5938,FALSE
14784,9,5,2014,3716,1497,3,757,3,0,TRUE,FALSE,TRUE,TRUE,TRUE,605784.25,FALSE
11087,1,5,1950,3636,1624,2,401,2,1,TRUE,FALSE,FALSE,TRUE,FALSE,474413.5938,FALSE
8303,3,4,2007,3818,1345,1,621,3,1,TRUE,FALSE,FALSE,FALSE,TRUE,520706.3438,FALSE
13738,8,6,1975,3282,11,2,765,3,0,TRUE,FALSE,TRUE,FALSE,FALSE,534543,FALSE
2851,6,4,1969,1490,1447,1,87,1,1,TRUE,FALSE,FALSE,FALSE,FALSE,279217.0313,FALSE
3687,5,7,1959,1324,1096,3,583,3,0,FALSE,FALSE,FALSE,FALSE,FALSE,251249.9844,FALSE
12123,5,7,2008,1962,587,3,892,1,0,TRUE,FALSE,FALSE,FALSE,FALSE,320840.6563,FALSE
8833,6,2,1990,2653,1881,3,541,2,0,FALSE,TRUE,FALSE,FALSE,TRUE,431595.5,FALSE
13938,7,3,1954,2728,200,0,683,3,1,FALSE,TRUE,TRUE,FALSE,TRUE,435260.9063,FALSE
4427,1,1,2014,2731,521,3,308,2,0,TRUE,FALSE,TRUE,TRUE,TRUE,379524.6563,FALSE
11760,9,8,1966,725,1887,2,905,2,0,FALSE,TRUE,FALSE,FALSE,FALSE,223598.0938,FALSE
6000,3,9,1971,1276,504,0,342,3,0,FALSE,FALSE,TRUE,FALSE,TRUE,218622.4219,FALSE
7052,4,4,1990,3337,1761,3,435,1,1,FALSE,FALSE,FALSE,TRUE,TRUE,457694,FALSE
4738,1,6,2017,1612,1711,2,176,2,0,TRUE,FALSE,FALSE,FALSE,TRUE,213366.4375,FALSE
13690,3,9,2018,1187,787,2,138,2,1,TRUE,FALSE,FALSE,FALSE,FALSE,178123.4531,FALSE
7732,2,6,1960,1029,1062,2,193,3,1,TRUE,FALSE,TRUE,FALSE,TRUE,178408.7656,FALSE
7387,2,9,2005,3942,59,1,185,3,0,FALSE,TRUE,TRUE,FALSE,FALSE,520497.375,FALSE
10002,1,4,2000,1471,577,0,217,3,1,FALSE,TRUE,TRUE,TRUE,FALSE,216248.0938,FALSE
7536,8,8,1970,1435,320,2,163,3,1,FALSE,FALSE,TRUE,TRUE,TRUE,283771.1875,FALSE
5913,3,9,1975,1922,1458,1,160,3,0,FALSE,TRUE,TRUE,FALSE,FALSE,301303.0313,FALSE
3066,3,4,1968,2653,1659,3,942,3,0,FALSE,FALSE,FALSE,FALSE,TRUE,428274.5,FALSE
9723,6,5,2009,1794,1699,2,524,1,0,FALSE,TRUE,FALSE,TRUE,TRUE,303800.5938,FALSE
6380,8,8,2020,2498,1431,1,807,2,1,FALSE,FALSE,TRUE,FALSE,TRUE,448010.25,FALSE
12636,9,6,1996,3378,922,2,600,1,0,TRUE,FALSE,TRUE,TRUE,TRUE,526484,FALSE
6107,9,7,2020,2026,1409,0,835,1,1,FALSE,TRUE,TRUE,TRUE,TRUE,394806.875,FALSE
7726,4,3,1975,1178,1694,0,41,3,1,FALSE,FALSE,FALSE,TRUE,FALSE,213780.8906,FALSE
5373,5,7,1989,3396,568,3,914,2,1,FALSE,TRUE,TRUE,FALSE,TRUE,496351.9375,FALSE
14161,2,8,1954,3603,1101,2,209,1,1,TRUE,FALSE,FALSE,FALSE,FALSE,452437.0313,FALSE
12738,9,6,1970,2940,1217,1,740,3,1,FALSE,FALSE,FALSE,FALSE,TRUE,495385.25,FALSE
10945,8,9,1953,539,1308,3,861,3,0,FALSE,TRUE,TRUE,TRUE,TRUE,226156.2188,FALSE
4082,3,6,1972,3207,526,2,274,2,0,FALSE,TRUE,FALSE,FALSE,TRUE,431977,FALSE
12966,9,9,1964,3789,523,3,953,1,1,TRUE,FALSE,FALSE,FALSE,FALSE,602753.75,FALSE
13088,3,4,1957,3528,612,1,278,1,1,TRUE,FALSE,TRUE,TRUE,FALSE,453520.4688,FALSE
14377,9,8,1990,1605,1179,3,250,1,0,FALSE,FALSE,FALSE,FALSE,FALSE,288024.9375,FALSE
10967,2,4,1968,1344,1363,3,309,3,0,FALSE,TRUE,TRUE,FALSE,FALSE,217127.0156,FALSE
8748,9,2,1995,2243,124,3,719,2,1,FALSE,TRUE,FALSE,FALSE,TRUE,408543.7813,FALSE
11817,8,9,1977,2748,870,2,832,2,1,TRUE,FALSE,TRUE,TRUE,TRUE,464799.5625,FALSE
13261,9,5,2017,946,279,1,139,1,0,TRUE,FALSE,TRUE,FALSE,FALSE,226418.3438,FALSE
2417,5,4,1964,3999,916,0,791,3,0,FALSE,FALSE,FALSE,TRUE,FALSE,574425.0625,FALSE
10306,2,2,1986,3609,1929,2,545,1,1,FALSE,TRUE,TRUE,TRUE,FALSE,486512.25,FALSE
10808,8,1,1950,1734,621,0,820,2,0,FALSE,TRUE,FALSE,TRUE,TRUE,325890,FALSE
5974,6,7,2016,2991,845,0,903,3,0,FALSE,FALSE,FALSE,FALSE,FALSE,460235.8125,FALSE
5267,8,6,1973,1850,1892,2,529,1,1,FALSE,FALSE,TRUE,FALSE,FALSE,336951.4688,FALSE
2825,5,2,1976,3308,1681,2,56,1,1,TRUE,FALSE,FALSE,FALSE,TRUE,450341.2813,FALSE
9668,2,8,1989,726,1751,1,111,3,1,TRUE,FALSE,TRUE,TRUE,FALSE,129404.2891,FALSE
7745,6,4,2012,547,1933,1,4,2,0,FALSE,FALSE,FALSE,TRUE,TRUE,116278.1172,FALSE
11708,5,8,2010,3589,673,3,409,3,1,FALSE,FALSE,FALSE,FALSE,TRUE,506755,FALSE
13338,5,7,1985,3459,1151,0,413,1,0,FALSE,TRUE,TRUE,TRUE,TRUE,493133.1875,FALSE
2412,1,5,1973,1962,313,1,181,1,1,FALSE,FALSE,FALSE,FALSE,TRUE,252995.4375,FALSE
9543,2,8,1973,2330,331,3,12,1,1,FALSE,FALSE,FALSE,FALSE,TRUE,301431.0313,FALSE
9587,8,9,1953,686,1173,1,338,1,0,FALSE,TRUE,FALSE,FALSE,FALSE,192130.0625,FALSE
2728,3,5,2016,2892,1477,2,796,2,0,FALSE,FALSE,FALSE,FALSE,FALSE,427358.25,FALSE
13540,3,5,1983,2771,35,1,258,2,1,TRUE,FALSE,FALSE,FALSE,TRUE,369800.125,FALSE
9164,8,2,2006,3377,1708,0,89,1,1,TRUE,FALSE,FALSE,FALSE,TRUE,481997,FALSE
13000,8,5,1998,3035,1443,1,615,2,0,FALSE,TRUE,FALSE,FALSE,FALSE,492262.125,FALSE
10867,2,3,2002,2432,1045,0,890,2,1,FALSE,FALSE,FALSE,TRUE,FALSE,368756.9063,FALSE
13657,8,7,1972,3424,205,2,697,2,0,TRUE,FALSE,TRUE,FALSE,TRUE,543485.9375,FALSE
7988,1,5,2018,1348,638,0,249,1,0,TRUE,FALSE,FALSE,TRUE,FALSE,193127.2344,FALSE
4504,6,8,2002,2532,847,1,254,3,1,TRUE,FALSE,FALSE,TRUE,FALSE,402537.3438,FALSE
4967,8,1,2011,1752,1980,3,587,3,0,TRUE,FALSE,TRUE,FALSE,TRUE,323121.6875,FALSE
4786,3,3,1990,1913,1379,2,897,3,0,FALSE,FALSE,TRUE,TRUE,FALSE,319453.125,FALSE
3122,8,3,2006,1478,439,1,970,1,0,FALSE,FALSE,TRUE,TRUE,FALSE,329744.25,FALSE
6079,1,9,2009,2112,728,2,107,2,1,FALSE,FALSE,FALSE,TRUE,FALSE,260276.6563,FALSE
3571,9,5,2003,1516,1119,2,667,2,0,FALSE,FALSE,TRUE,FALSE,FALSE,314687.8125,FALSE
7073,9,9,2019,2735,1952,1,593,1,1,TRUE,FALSE,TRUE,FALSE,TRUE,472307.875,FALSE
7104,5,9,2006,2381,940,1,588,1,1,FALSE,TRUE,FALSE,FALSE,FALSE,369089.9375,FALSE
4143,4,1,1959,769,163,3,484,3,1,FALSE,TRUE,FALSE,FALSE,TRUE,170041.1094,FALSE
11879,6,2,1989,2130,147,2,981,3,0,TRUE,FALSE,TRUE,FALSE,FALSE,380086.0313,FALSE
8806,7,5,1956,809,1553,2,971,1,0,TRUE,FALSE,TRUE,TRUE,TRUE,201193.8906,FALSE
9357,5,4,1987,3703,293,1,257,3,1,FALSE,TRUE,FALSE,TRUE,TRUE,497699.125,FALSE
14324,9,9,2010,2543,194,0,638,2,1,FALSE,TRUE,FALSE,FALSE,FALSE,424509.0938,FALSE
14043,3,7,1952,2074,662,1,996,1,0,TRUE,FALSE,FALSE,TRUE,TRUE,347428.4688,FALSE
5440,7,6,2000,1595,479,2,902,1,1,TRUE,FALSE,FALSE,TRUE,TRUE,303930.5938,FALSE
5766,5,7,1996,3392,1900,1,281,2,1,FALSE,FALSE,FALSE,TRUE,TRUE,469464.0938,FALSE
7644,7,1,2017,2195,122,3,985,2,0,FALSE,FALSE,TRUE,TRUE,TRUE,378921.5938,FALSE
12518,2,1,1987,3758,1423,0,87,2,1,FALSE,TRUE,FALSE,FALSE,TRUE,474965.0938,FALSE
4914,4,8,1985,3033,698,1,203,3,0,TRUE,FALSE,FALSE,FALSE,FALSE,426575.8125,FALSE
6968,2,2,1990,3762,964,3,15,1,0,FALSE,TRUE,FALSE,FALSE,TRUE,491184.875,FALSE
7917,7,9,2018,1945,1475,2,150,3,1,FALSE,FALSE,FALSE,TRUE,TRUE,339577.1875,FALSE
14144,2,7,1962,2667,660,1,935,2,0,FALSE,FALSE,FALSE,TRUE,FALSE,407040.5313,FALSE
10787,1,6,2007,719,1127,2,253,3,0,FALSE,TRUE,TRUE,FALSE,FALSE,118140.2266,FALSE
2728,9,1,1999,552,1778,3,187,2,0,FALSE,FALSE,FALSE,FALSE,TRUE,160266.3125,FALSE
3365,1,1,1979,2257,1485,2,328,3,1,TRUE,FALSE,TRUE,TRUE,FALSE,305276.0938,FALSE
6492,8,2,2011,1974,1766,3,543,3,1,FALSE,TRUE,FALSE,FALSE,FALSE,369362.2813,FALSE
2698,2,6,1974,3983,1741,3,782,2,1,TRUE,FALSE,TRUE,FALSE,FALSE,563975.3125,FALSE
9186,8,6,1976,2166,709,3,996,3,0,TRUE,FALSE,TRUE,TRUE,FALSE,394854.75,FALSE
2395,3,2,2000,1760,395,1,396,1,0,FALSE,FALSE,FALSE,TRUE,FALSE,271344.7188,FALSE
9400,6,1,2006,3305,911,2,516,3,1,TRUE,FALSE,FALSE,FALSE,FALSE,485192.1875,FALSE
10082,3,5,1996,3285,1360,2,458,3,1,FALSE,TRUE,FALSE,TRUE,TRUE,464776.9688,FALSE
6171,7,5,1988,1219,1004,0,329,1,0,TRUE,FALSE,FALSE,FALSE,TRUE,231039.4219,FALSE
6360,9,2,1965,905,1622,0,819,2,1,TRUE,FALSE,FALSE,TRUE,FALSE,233534.3906,FALSE
4502,2,6,1971,3155,1165,0,844,1,1,TRUE,FALSE,TRUE,TRUE,FALSE,450101.375,FALSE
12011,5,9,2003,3568,316,0,168,3,1,TRUE,FALSE,FALSE,FALSE,TRUE,514777.4063,FALSE
2717,6,2,1970,2969,1734,2,692,2,1,TRUE,FALSE,FALSE,TRUE,FALSE,460663.5625,FALSE
4782,4,2,2021,3259,1581,3,365,3,1,FALSE,FALSE,TRUE,FALSE,TRUE,478438.1875,FALSE
6946,4,3,1965,2794,1823,3,177,3,0,FALSE,TRUE,FALSE,TRUE,FALSE,415445.6875,FALSE
13769,4,7,2008,571,1550,1,654,1,1,FALSE,FALSE,TRUE,FALSE,TRUE,172366.1406,FALSE
7486,2,6,1980,2353,1579,3,361,1,1,FALSE,TRUE,FALSE,TRUE,TRUE,312121.375,FALSE
10335,4,8,1991,2732,1424,2,759,2,0,FALSE,TRUE,TRUE,TRUE,FALSE,413768.3438,FALSE
6980,1,8,1981,2553,680,2,638,2,0,FALSE,TRUE,FALSE,FALSE,FALSE,343353.3125,FALSE
13332,6,6,2008,1729,1333,2,774,2,0,FALSE,TRUE,TRUE,TRUE,FALSE,316542.3125,FALSE
9266,1,3,1983,2067,494,1,39,3,0,FALSE,TRUE,TRUE,FALSE,FALSE,276182.3125,FALSE
6491,6,3,1958,3453,555,0,923,1,1,TRUE,FALSE,FALSE,TRUE,TRUE,516707.125,FALSE
9192,1,1,1960,886,609,3,415,1,1,FALSE,FALSE,FALSE,TRUE,FALSE,141801.9531,FALSE
13130,6,7,1959,2291,1796,2,354,1,1,FALSE,FALSE,FALSE,FALSE,TRUE,350977.5313,FALSE
7588,8,5,1966,1198,108,2,254,2,1,TRUE,FALSE,TRUE,TRUE,FALSE,243594.9063,FALSE
9651,2,4,2017,3647,1818,0,142,1,0,FALSE,TRUE,TRUE,TRUE,TRUE,450371.1875,FALSE
5636,2,4,1997,1700,371,2,751,1,0,FALSE,FALSE,TRUE,FALSE,FALSE,273925.375,FALSE
13414,4,4,2001,1326,854,3,739,1,1,TRUE,FALSE,FALSE,TRUE,FALSE,247800.5156,FALSE
3167,3,6,1974,2322,615,1,852,2,1,TRUE,FALSE,FALSE,FALSE,TRUE,364289.2813,FALSE
12808,4,8,1970,848,767,2,709,1,1,FALSE,FALSE,TRUE,FALSE,FALSE,170218.4531,FALSE
3062,7,8,2014,1778,1914,3,576,2,1,FALSE,FALSE,FALSE,FALSE,FALSE,315526.9688,FALSE
4156,1,5,2012,807,205,2,899,1,0,FALSE,TRUE,TRUE,TRUE,FALSE,162176.9375,FALSE
9860,6,6,2000,3916,846,0,10,1,1,FALSE,TRUE,FALSE,TRUE,FALSE,549120.75,FALSE
7161,3,4,1985,1650,42,2,619,1,0,FALSE,FALSE,FALSE,FALSE,FALSE,267403.2813,FALSE
7305,7,9,2015,2460,864,2,25,2,0,FALSE,TRUE,TRUE,TRUE,TRUE,371332.0313,FALSE
13174,2,8,1964,2834,1268,1,956,2,0,TRUE,FALSE,FALSE,FALSE,FALSE,424963.4688,FALSE
8541,2,1,1988,1265,1310,0,420,1,0,FALSE,TRUE,FALSE,TRUE,TRUE,195729.0156,FALSE
13486,4,2,2019,1224,1378,0,662,3,1,FALSE,TRUE,FALSE,FALSE,FALSE,242609.8906,FALSE
6729,1,9,1950,3309,784,1,220,2,1,TRUE,FALSE,FALSE,FALSE,FALSE,441629.8438,FALSE
11348,3,8,1972,2119,475,2,852,2,1,FALSE,TRUE,FALSE,TRUE,TRUE,346529.2188,FALSE
9330,9,3,1988,882,82,3,495,1,1,TRUE,FALSE,TRUE,FALSE,TRUE,220348.3906,FALSE
7334,7,8,2006,3977,1133,0,236,3,0,FALSE,TRUE,FALSE,FALSE,TRUE,593094.125,FALSE
10924,7,1,1983,2935,1973,0,236,1,0,FALSE,FALSE,TRUE,TRUE,TRUE,429933.7188,FALSE
6330,4,4,1990,1024,189,2,218,2,0,FALSE,TRUE,FALSE,FALSE,TRUE,184955.7188,FALSE
10010,2,3,1962,3186,799,2,486,2,1,FALSE,FALSE,FALSE,FALSE,FALSE,435873.75,FALSE
8801,4,6,2019,3485,935,0,935,1,0,FALSE,FALSE,TRUE,TRUE,TRUE,519666.5313,FALSE
6846,6,7,1955,775,1932,2,460,1,0,FALSE,FALSE,TRUE,FALSE,TRUE,182363.3281,FALSE
8731,3,4,2001,3047,250,3,662,3,0,FALSE,FALSE,FALSE,FALSE,FALSE,425754.2813,FALSE
9241,1,7,1952,3264,1747,0,634,3,0,FALSE,FALSE,FALSE,FALSE,FALSE,439996.0313,FALSE
2953,8,9,2012,836,290,3,143,2,1,TRUE,FALSE,TRUE,FALSE,TRUE,208660.8125,FALSE
4539,5,2,1998,2473,1668,3,989,3,0,TRUE,FALSE,TRUE,FALSE,TRUE,392155.125,FALSE
9056,5,3,1996,3479,1224,2,188,3,0,TRUE,FALSE,TRUE,FALSE,TRUE,474077.7813,FALSE
13516,4,5,2004,980,1820,3,254,2,1,FALSE,FALSE,TRUE,FALSE,FALSE,183485.5313,FALSE
13493,6,3,2013,1410,325,2,67,2,1,FALSE,TRUE,FALSE,FALSE,TRUE,262195.0313,FALSE
3542,3,8,2014,2496,1534,1,615,2,1,TRUE,FALSE,FALSE,TRUE,FALSE,355094.7813,FALSE
7293,9,8,2016,3844,1432,2,335,2,0,FALSE,TRUE,FALSE,FALSE,FALSE,564452.3125,FALSE
3191,5,8,1964,3629,1630,3,670,1,0,FALSE,TRUE,FALSE,FALSE,FALSE,518875.375,FALSE
8313,3,9,1981,1851,1813,1,820,2,0,FALSE,FALSE,FALSE,TRUE,FALSE,320275.4375,FALSE
13185,1,4,2017,2533,1985,2,873,2,0,FALSE,FALSE,TRUE,FALSE,TRUE,370074.875,FALSE
8938,6,5,1967,2254,1964,3,408,2,1,FALSE,FALSE,TRUE,FALSE,FALSE,347597.0313,FALSE
4681,2,5,1992,608,836,0,299,3,0,TRUE,FALSE,TRUE,FALSE,FALSE,109701.8438,FALSE
11409,3,8,1984,3850,507,0,907,2,0,FALSE,FALSE,FALSE,FALSE,TRUE,541116.6875,FALSE
3540,1,7,2007,827,730,2,601,1,1,TRUE,FALSE,TRUE,FALSE,FALSE,149059.8594,FALSE
8172,9,9,1982,2299,1624,2,356,1,1,TRUE,FALSE,FALSE,FALSE,TRUE,406440.5938,FALSE
13428,8,8,1963,814,71,0,255,2,1,TRUE,FALSE,FALSE,TRUE,FALSE,203873.8125,FALSE
7541,2,2,1983,1634,1270,3,352,1,0,TRUE,FALSE,FALSE,TRUE,TRUE,239966.7344,FALSE
12578,8,4,2010,3246,640,3,731,3,0,FALSE,FALSE,TRUE,TRUE,FALSE,517555.4375,FALSE
13911,9,6,1953,1280,1747,3,520,2,0,TRUE,FALSE,FALSE,TRUE,FALSE,260280.5313,FALSE
11580,1,2,2008,3800,939,2,523,1,0,FALSE,FALSE,FALSE,TRUE,TRUE,509433.8125,FALSE
12048,5,7,1978,2020,1878,1,836,1,0,FALSE,FALSE,TRUE,FALSE,FALSE,346581.3125,FALSE
3365,8,3,1955,655,607,1,949,2,1,TRUE,FALSE,FALSE,FALSE,FALSE,210336.7813,FALSE
10691,2,3,1998,1996,1610,1,755,1,1,FALSE,FALSE,TRUE,FALSE,TRUE,315689.75,FALSE
11872,4,2,1989,2224,1958,1,693,2,0,FALSE,TRUE,FALSE,FALSE,FALSE,348606.25,FALSE
10702,7,8,2014,3843,565,1,283,1,0,FALSE,FALSE,TRUE,FALSE,FALSE,569801.1875,FALSE
9494,3,6,2018,1386,1367,2,311,3,0,FALSE,FALSE,FALSE,TRUE,TRUE,216001.0625,FALSE
6312,5,1,1976,3573,1994,2,98,1,0,TRUE,FALSE,FALSE,TRUE,TRUE,501620,FALSE
3324,8,1,1955,3305,1948,1,196,1,0,TRUE,FALSE,TRUE,FALSE,TRUE,509317.6875,FALSE
11347,3,7,1962,1221,53,2,481,2,1,FALSE,FALSE,FALSE,FALSE,TRUE,222654.5781,FALSE
12019,4,8,2013,1412,1753,2,877,1,1,TRUE,FALSE,TRUE,FALSE,TRUE,269617.7813,FALSE
5141,9,5,2011,3857,527,1,225,2,1,FALSE,TRUE,FALSE,TRUE,FALSE,582506.5625,FALSE
9419,7,5,1968,1370,610,3,844,3,0,FALSE,TRUE,TRUE,TRUE,TRUE,268220.3438,FALSE
5486,1,4,1992,512,1555,2,614,2,0,TRUE,FALSE,FALSE,FALSE,FALSE,94655.69531,TRUE
3810,4,6,1969,3155,1581,3,617,2,1,FALSE,FALSE,FALSE,TRUE,TRUE,464531.2813,FALSE
8588,4,6,2017,997,1986,2,364,1,1,FALSE,TRUE,FALSE,FALSE,FALSE,170629.5469,FALSE
4923,9,3,1993,2256,192,2,367,3,0,FALSE,TRUE,TRUE,TRUE,FALSE,406629.7188,FALSE
7301,6,9,1972,2785,1918,1,569,2,1,FALSE,FALSE,TRUE,TRUE,TRUE,419271.0938,FALSE
12406,9,7,1951,1617,57,2,589,1,1,TRUE,FALSE,TRUE,FALSE,FALSE,338582.5313,FALSE
6186,6,1,1971,3909,1460,0,74,1,0,FALSE,TRUE,TRUE,TRUE,FALSE,525048.875,FALSE
10905,6,7,2006,3328,1134,0,41,2,1,FALSE,FALSE,TRUE,TRUE,TRUE,487375.9375,FALSE
7977,5,5,2021,1694,128,1,421,1,1,FALSE,FALSE,FALSE,FALSE,TRUE,275386.9063,FALSE
13794,5,5,1956,2504,1872,3,835,2,1,FALSE,TRUE,FALSE,TRUE,TRUE,406398.4063,FALSE
14326,2,2,2005,3153,705,3,180,2,0,TRUE,FALSE,FALSE,FALSE,TRUE,409156.75,FALSE
13714,8,4,2016,3208,1948,3,544,2,1,FALSE,TRUE,FALSE,TRUE,FALSE,489939.2813,FALSE
6268,8,6,1965,2147,851,0,70,3,1,FALSE,FALSE,FALSE,FALSE,FALSE,364273.0313,FALSE
6748,1,7,2000,2090,1349,3,567,2,1,FALSE,TRUE,TRUE,FALSE,FALSE,292346.8125,FALSE
6849,8,5,2021,3396,7,3,104,1,0,TRUE,FALSE,FALSE,TRUE,FALSE,488918.0938,FALSE
11435,5,9,1961,3483,28,1,199,3,0,FALSE,FALSE,TRUE,TRUE,FALSE,491618,FALSE
5709,2,3,2002,1990,1135,3,100,1,1,TRUE,FALSE,FALSE,FALSE,FALSE,274487.75,FALSE
11273,2,1,1954,3175,946,0,767,3,0,FALSE,TRUE,TRUE,TRUE,TRUE,469753.5313,FALSE
8619,6,4,1976,642,1696,0,306,3,1,FALSE,TRUE,TRUE,TRUE,FALSE,169312.0313,FALSE
10647,9,9,1961,1724,130,0,585,3,0,TRUE,FALSE,TRUE,TRUE,FALSE,354462.625,FALSE
11086,1,4,1966,3751,187,1,682,3,0,FALSE,TRUE,FALSE,FALSE,FALSE,512888.875,FALSE
11576,6,2,1955,3261,1698,1,376,1,1,TRUE,FALSE,FALSE,FALSE,TRUE,501290.8438,FALSE
12150,9,5,1954,3935,708,2,654,2,1,FALSE,TRUE,FALSE,FALSE,TRUE,623337.0625,TRUE
5072,8,3,2006,3026,1498,3,677,1,1,TRUE,FALSE,FALSE,TRUE,TRUE,491678.3125,FALSE
8530,6,9,1977,1064,1387,1,398,2,0,TRUE,FALSE,TRUE,TRUE,TRUE,211806.3125,FALSE
12188,3,4,2018,3018,1227,0,772,1,1,FALSE,FALSE,TRUE,FALSE,FALSE,420260.1563,FALSE
14477,8,6,2008,2931,211,0,220,3,0,FALSE,FALSE,TRUE,FALSE,FALSE,472963.0313,FALSE
2504,9,2,1982,2215,1644,1,594,3,0,TRUE,FALSE,TRUE,TRUE,FALSE,409184.0938,FALSE
3214,1,6,2011,3473,275,1,181,2,1,FALSE,TRUE,FALSE,TRUE,TRUE,438970.4688,FALSE
3531,9,3,1999,916,1096,1,306,2,0,FALSE,TRUE,TRUE,TRUE,FALSE,206132.8906,FALSE
13632,6,9,1968,2348,1702,2,521,1,1,FALSE,TRUE,FALSE,TRUE,FALSE,355435.9688,FALSE
9576,6,2,2018,2855,1795,0,395,2,0,TRUE,FALSE,TRUE,FALSE,FALSE,414201.5625,FALSE
2823,4,9,2015,3196,242,2,3,1,1,TRUE,FALSE,TRUE,TRUE,TRUE,424612.75,FALSE
2928,1,5,1996,2217,1810,2,862,2,0,TRUE,FALSE,TRUE,TRUE,TRUE,328805,FALSE
7029,8,8,1988,1890,1125,3,913,2,0,TRUE,FALSE,FALSE,FALSE,TRUE,361207.6875,FALSE
2133,2,2,2017,3572,986,0,847,2,1,FALSE,FALSE,FALSE,FALSE,FALSE,498892.875,FALSE
4105,1,6,1982,1567,684,0,999,3,0,TRUE,FALSE,TRUE,TRUE,FALSE,246770.0313,FALSE
5627,2,3,1962,3286,170,1,803,3,1,FALSE,TRUE,TRUE,FALSE,FALSE,457823.3438,FALSE
14972,1,5,2003,2366,652,1,280,1,0,FALSE,FALSE,TRUE,TRUE,FALSE,304463.3125,FALSE
8316,1,8,1956,1621,1932,3,214,2,0,FALSE,TRUE,FALSE,TRUE,TRUE,221925.0156,FALSE
3852,9,1,1963,1788,187,2,971,1,0,TRUE,FALSE,FALSE,FALSE,FALSE,368294.4375,FALSE
6910,1,5,1968,2306,1464,1,609,2,1,FALSE,FALSE,FALSE,FALSE,TRUE,327509.375,FALSE
6175,4,3,2003,2687,1109,1,419,3,1,TRUE,FALSE,TRUE,TRUE,FALSE,383155.0625,FALSE
13125,6,4,1969,2004,1499,0,100,3,1,FALSE,FALSE,FALSE,FALSE,TRUE,311238.6563,FALSE
13476,7,2,1978,3808,51,0,962,2,1,FALSE,TRUE,TRUE,TRUE,FALSE,586385.1875,FALSE
14490,2,9,1973,3521,110,1,520,2,1,TRUE,FALSE,FALSE,TRUE,FALSE,482365.3125,FALSE
13003,6,3,2012,1516,1972,0,572,3,0,TRUE,FALSE,TRUE,TRUE,TRUE,284606.125,FALSE
7348,7,2,2006,1452,876,3,308,3,0,FALSE,FALSE,TRUE,FALSE,TRUE,274861.6875,FALSE
11442,2,9,1957,3451,1877,1,657,1,1,FALSE,FALSE,FALSE,TRUE,FALSE,482631.7188,FALSE
13704,2,7,2011,571,1066,0,938,3,0,TRUE,FALSE,TRUE,TRUE,FALSE,160143.8594,FALSE
8190,7,6,1978,2190,210,3,930,2,0,FALSE,FALSE,TRUE,TRUE,FALSE,374281.1563,FALSE
3256,1,1,1966,3761,1991,0,509,1,0,TRUE,FALSE,TRUE,FALSE,TRUE,508831.5625,FALSE
5376,8,5,2015,1791,1223,0,62,2,0,FALSE,FALSE,FALSE,TRUE,FALSE,318949.0625,FALSE
7645,3,3,1955,1844,1833,0,632,1,1,FALSE,TRUE,TRUE,TRUE,TRUE,304827.1563,FALSE
5486,6,1,2007,2654,857,1,225,2,0,FALSE,FALSE,FALSE,TRUE,FALSE,412328.375,FALSE
5584,9,4,2018,3803,1775,2,104,3,1,FALSE,TRUE,FALSE,FALSE,FALSE,551600.4375,FALSE
11588,6,2,1977,3613,626,0,973,2,1,FALSE,FALSE,TRUE,TRUE,FALSE,537424,FALSE
13829,9,2,2011,1382,1049,3,771,1,0,FALSE,FALSE,FALSE,TRUE,FALSE,309632.0625,FALSE
10053,7,3,1990,638,1942,1,860,2,1,TRUE,FALSE,TRUE,FALSE,TRUE,211502.6406,FALSE
5330,9,8,2018,3162,298,1,424,1,0,FALSE,FALSE,FALSE,FALSE,TRUE,487114.8125,FALSE
4703,2,8,1990,3410,1100,3,254,2,0,FALSE,FALSE,TRUE,TRUE,FALSE,467002.9688,FALSE
10662,8,7,1998,2820,923,0,428,3,0,FALSE,TRUE,FALSE,TRUE,FALSE,452837.8438,FALSE
10120,8,6,1998,2004,136,2,433,3,1,FALSE,FALSE,TRUE,TRUE,FALSE,349543.4688,FALSE
9114,2,9,2020,2963,1043,0,206,2,1,TRUE,FALSE,TRUE,FALSE,TRUE,378331.8125,FALSE
3353,4,4,1952,3053,439,3,27,2,1,FALSE,TRUE,TRUE,FALSE,FALSE,429654.7813,FALSE
12975,7,1,1959,1232,210,1,681,2,0,TRUE,FALSE,TRUE,TRUE,TRUE,242500.0781,FALSE
13023,4,8,1984,2248,751,2,335,1,0,TRUE,FALSE,FALSE,FALSE,TRUE,327701.75,FALSE
7063,4,7,1951,923,1574,1,587,2,0,TRUE,FALSE,FALSE,TRUE,TRUE,207564.8906,FALSE
10549,6,7,1973,3978,434,3,627,2,1,TRUE,FALSE,TRUE,TRUE,TRUE,576743.625,FALSE
13211,6,3,1987,2091,779,0,68,1,0,FALSE,TRUE,FALSE,FALSE,FALSE,318992.75,FALSE
9575,3,4,1971,889,1230,2,865,3,0,FALSE,FALSE,TRUE,TRUE,FALSE,209196.5625,FALSE
2667,9,9,1975,841,438,1,745,2,1,TRUE,FALSE,TRUE,FALSE,TRUE,232207.0313,FALSE
6468,2,6,1992,1445,1997,1,512,2,1,FALSE,TRUE,FALSE,FALSE,FALSE,224305.3906,FALSE
11337,6,5,2004,1113,1802,1,166,3,1,TRUE,FALSE,FALSE,TRUE,FALSE,201684.5,FALSE
8819,7,3,1988,992,665,0,863,3,0,FALSE,FALSE,TRUE,FALSE,FALSE,236037.6719,FALSE
14377,9,9,1978,691,1065,2,729,1,0,FALSE,TRUE,FALSE,TRUE,TRUE,223302.9063,FALSE
5719,3,5,1969,998,410,0,784,2,0,FALSE,TRUE,TRUE,FALSE,FALSE,193623.6719,FALSE
4745,3,5,1990,1321,1546,0,367,2,1,FALSE,FALSE,FALSE,TRUE,FALSE,210560.2031,FALSE
9483,7,4,2003,2235,805,0,250,1,1,FALSE,TRUE,FALSE,TRUE,FALSE,372735.25,FALSE
2539,4,4,1969,1756,609,3,858,3,1,FALSE,FALSE,FALSE,TRUE,FALSE,306166.125,FALSE
12971,8,1,1968,2468,426,3,855,1,1,FALSE,TRUE,FALSE,FALSE,FALSE,412642.3438,FALSE
6964,7,7,2015,726,1298,3,930,3,0,FALSE,TRUE,FALSE,TRUE,FALSE,220752.7813,FALSE
14328,5,9,1979,1894,1471,2,685,1,0,FALSE,FALSE,TRUE,FALSE,FALSE,324466,FALSE
6835,7,3,2002,2686,901,0,169,3,0,FALSE,FALSE,FALSE,FALSE,FALSE,400327.75,FALSE
5775,3,2,1983,3403,941,0,757,1,0,FALSE,TRUE,FALSE,FALSE,FALSE,469897.5938,FALSE
8042,2,3,1971,1316,1907,3,934,3,0,FALSE,TRUE,TRUE,FALSE,FALSE,237063.75,FALSE
9102,6,1,2016,3720,741,0,89,3,0,FALSE,FALSE,TRUE,FALSE,TRUE,528233,FALSE
9312,2,6,1955,3686,1392,0,560,3,0,FALSE,FALSE,TRUE,TRUE,FALSE,518703.2188,FALSE
7320,3,7,1976,1973,1961,1,445,3,0,FALSE,TRUE,FALSE,FALSE,TRUE,309744.5,FALSE
8132,6,2,1959,1586,1243,0,293,3,1,FALSE,TRUE,FALSE,TRUE,FALSE,269742.7188,FALSE
9891,5,8,1997,603,1600,1,918,2,1,FALSE,TRUE,TRUE,TRUE,TRUE,188032.25,FALSE
12700,8,6,2019,2374,1890,0,149,3,0,FALSE,FALSE,TRUE,FALSE,TRUE,373779.5938,FALSE
4779,9,4,2008,1370,1255,2,131,2,1,FALSE,TRUE,TRUE,TRUE,FALSE,251202.25,FALSE
2924,3,5,2008,1167,327,3,432,3,0,TRUE,FALSE,TRUE,TRUE,TRUE,215578.5156,FALSE
13148,3,8,1951,2542,1466,1,58,2,0,FALSE,FALSE,FALSE,FALSE,TRUE,361262.875,FALSE
3581,3,3,1978,772,51,3,968,2,1,FALSE,TRUE,FALSE,TRUE,TRUE,189939.5469,FALSE
9714,6,3,2017,1529,1909,1,835,1,0,FALSE,FALSE,FALSE,FALSE,FALSE,288219.1563,FALSE
5324,1,4,2014,3718,1966,1,198,3,0,TRUE,FALSE,FALSE,FALSE,TRUE,497328.75,FALSE
14677,7,1,1975,2731,375,1,214,1,0,FALSE,FALSE,FALSE,FALSE,TRUE,421880.9375,FALSE
7713,1,9,1959,1551,262,2,897,1,0,FALSE,TRUE,TRUE,TRUE,FALSE,242723.6406,FALSE
9026,5,8,2002,2073,266,0,560,3,0,TRUE,FALSE,FALSE,TRUE,TRUE,351847.7813,FALSE
2255,8,8,2008,3690,358,1,471,1,0,TRUE,FALSE,TRUE,TRUE,TRUE,552806.5,FALSE
6804,4,6,1971,792,1340,2,743,3,0,FALSE,TRUE,TRUE,TRUE,TRUE,192038.4688,FALSE
3838,5,7,2000,3942,1347,1,246,1,1,FALSE,TRUE,TRUE,FALSE,FALSE,528490.25,FALSE
12136,4,6,1997,3815,1944,0,381,3,1,FALSE,TRUE,FALSE,FALSE,TRUE,533828,FALSE
2009,4,9,1970,3789,1931,1,990,3,0,FALSE,FALSE,TRUE,TRUE,FALSE,542450.1875,FALSE
4871,8,3,1971,2724,1689,2,238,3,1,FALSE,FALSE,FALSE,FALSE,TRUE,439268.7813,FALSE
10989,2,3,1979,3870,1893,0,926,2,0,FALSE,FALSE,TRUE,TRUE,TRUE,556357.4375,FALSE
9409,1,3,1974,2605,1901,2,366,1,0,FALSE,TRUE,FALSE,FALSE,TRUE,357751.125,FALSE
9418,3,3,1977,1792,651,0,167,2,0,FALSE,TRUE,TRUE,FALSE,TRUE,262014.0938,FALSE
7124,9,9,2014,807,1962,0,559,1,0,FALSE,FALSE,FALSE,FALSE,FALSE,220101.8281,FALSE
3015,4,4,1994,3859,1586,3,50,1,1,TRUE,FALSE,TRUE,FALSE,TRUE,501409.5938,FALSE
12016,5,7,2017,1476,1652,3,810,1,1,FALSE,FALSE,TRUE,FALSE,FALSE,263326.0313,FALSE
14661,2,9,1956,3676,1444,3,609,2,1,TRUE,FALSE,TRUE,TRUE,TRUE,508703.0938,FALSE
13328,4,7,1998,1751,45,0,950,1,1,FALSE,TRUE,TRUE,TRUE,FALSE,320092.25,FALSE
4193,2,9,1958,1770,1844,1,727,2,0,FALSE,TRUE,FALSE,FALSE,TRUE,281213.2188,FALSE
10415,2,3,1985,3247,599,2,688,3,1,FALSE,FALSE,FALSE,TRUE,TRUE,475278.0313,FALSE
9449,4,4,1950,2017,719,2,379,1,0,FALSE,FALSE,FALSE,FALSE,FALSE,320978.1875,FALSE
6158,6,8,1959,2630,1912,2,473,1,0,FALSE,TRUE,TRUE,FALSE,FALSE,398387.375,FALSE
5925,7,6,1985,1709,1292,3,79,3,1,FALSE,FALSE,TRUE,FALSE,FALSE,303292.0313,FALSE
8970,3,5,1995,2799,600,0,696,3,0,FALSE,TRUE,TRUE,FALSE,FALSE,396293.4063,FALSE
8938,3,4,1981,1878,380,3,366,1,1,FALSE,TRUE,TRUE,TRUE,TRUE,291826.625,FALSE
6784,6,8,1981,2273,117,1,460,3,1,TRUE,FALSE,TRUE,FALSE,FALSE,390577.125,FALSE
6000,3,1,1955,2219,1589,0,910,2,1,FALSE,FALSE,TRUE,TRUE,FALSE,340608.0313,FALSE
3633,2,9,1997,2542,1976,2,538,2,1,FALSE,TRUE,FALSE,FALSE,FALSE,367721.4375,FALSE
12344,8,1,1987,1295,115,3,451,1,1,FALSE,FALSE,FALSE,FALSE,TRUE,265672.0625,FALSE
9266,5,8,1966,1396,1653,3,463,2,0,TRUE,FALSE,FALSE,TRUE,TRUE,231780.9063,FALSE
10702,1,4,1976,2461,259,1,959,2,1,TRUE,FALSE,FALSE,FALSE,TRUE,351586.7813,FALSE
2384,3,9,2003,709,1098,1,477,1,1,FALSE,FALSE,FALSE,FALSE,TRUE,152090.3281,FALSE
2404,8,5,1999,3363,1503,3,925,3,0,FALSE,FALSE,FALSE,TRUE,FALSE,563621.125,FALSE
10175,4,3,1984,3156,304,1,419,1,1,FALSE,TRUE,FALSE,TRUE,TRUE,435082.7188,FALSE
14805,7,9,1974,2994,6,2,706,2,1,TRUE,FALSE,FALSE,TRUE,FALSE,461533.9688,FALSE
14763,2,9,1977,3007,365,1,213,1,0,TRUE,FALSE,TRUE,FALSE,TRUE,404032.6875,FALSE
4000,7,4,1964,1467,1657,1,368,1,0,TRUE,FALSE,TRUE,FALSE,FALSE,274889.5938,FALSE
12948,5,4,1953,971,522,3,853,2,1,FALSE,FALSE,TRUE,TRUE,FALSE,200266.7344,FALSE
11860,5,8,1976,2917,1371,3,113,2,0,FALSE,TRUE,TRUE,TRUE,FALSE,413114.1875,FALSE
7989,6,2,1975,3447,1461,0,753,1,1,FALSE,FALSE,TRUE,FALSE,FALSE,508425.2813,FALSE
3460,9,9,1968,1422,1238,0,502,2,0,FALSE,FALSE,TRUE,FALSE,FALSE,276626.9063,FALSE
9190,6,6,1966,636,428,3,635,2,1,FALSE,FALSE,TRUE,TRUE,TRUE,186301.0469,FALSE
9140,8,9,1992,866,790,1,816,2,1,FALSE,TRUE,FALSE,TRUE,FALSE,223941.7813,FALSE
5636,7,8,1990,3459,1521,1,587,2,1,FALSE,FALSE,FALSE,TRUE,FALSE,520198.8438,FALSE
12916,9,7,1991,683,1563,0,310,2,0,TRUE,FALSE,TRUE,TRUE,FALSE,188236.1563,FALSE
6809,4,1,1999,3858,746,0,468,2,1,TRUE,FALSE,FALSE,FALSE,FALSE,528712.125,FALSE
6178,2,3,1989,3019,366,0,823,3,0,TRUE,FALSE,FALSE,FALSE,TRUE,450706.0625,FALSE
9245,7,2,1988,1898,312,2,707,1,1,FALSE,TRUE,FALSE,FALSE,TRUE,341787,FALSE
8600,6,5,1972,3201,537,2,862,2,1,FALSE,FALSE,FALSE,FALSE,FALSE,487161.2188,FALSE
7997,1,5,2001,3296,920,0,43,1,1,FALSE,TRUE,FALSE,TRUE,FALSE,399546.3438,FALSE
4048,9,5,1996,1036,1077,1,414,3,1,FALSE,FALSE,TRUE,FALSE,FALSE,257777.5469,FALSE
14338,9,4,2012,3349,1564,0,697,2,1,TRUE,FALSE,FALSE,TRUE,FALSE,541619.5625,FALSE
6780,2,5,2018,2102,1490,2,854,1,0,FALSE,FALSE,TRUE,FALSE,TRUE,319738.1563,FALSE
2716,3,3,1992,1773,864,1,245,2,0,FALSE,FALSE,TRUE,FALSE,TRUE,280504.7813,FALSE
9939,5,1,1997,3467,1187,2,948,2,0,FALSE,FALSE,TRUE,FALSE,FALSE,522338.5,FALSE
7565,5,5,1983,3057,781,1,83,2,1,FALSE,TRUE,FALSE,TRUE,FALSE,417802.75,FALSE
6544,1,9,1989,3177,333,2,206,2,1,FALSE,FALSE,TRUE,FALSE,FALSE,430619.3125,FALSE
6976,8,9,2010,3549,1570,1,150,2,0,FALSE,FALSE,TRUE,TRUE,FALSE,532190.5625,FALSE
14775,8,4,1999,1596,797,1,667,2,1,FALSE,FALSE,TRUE,TRUE,FALSE,311293.1563,FALSE
12015,4,3,2016,1805,347,1,527,2,1,FALSE,TRUE,TRUE,FALSE,TRUE,309013.2813,FALSE
12273,7,1,2011,1415,272,1,164,3,1,FALSE,TRUE,FALSE,TRUE,TRUE,267610.2188,FALSE
5419,3,2,2007,3931,962,3,916,3,0,FALSE,TRUE,TRUE,FALSE,FALSE,546680.875,FALSE
9239,6,8,1982,3581,719,2,974,2,0,FALSE,FALSE,TRUE,TRUE,TRUE,539423.625,FALSE
11766,9,1,1965,3782,1773,2,144,2,0,TRUE,FALSE,TRUE,FALSE,TRUE,571720.0625,FALSE
2249,1,8,1997,651,1437,3,36,3,0,TRUE,FALSE,TRUE,TRUE,TRUE,108507.9922,FALSE
10865,5,7,1959,1528,499,1,332,3,0,TRUE,FALSE,FALSE,TRUE,FALSE,279441.5,FALSE
14725,4,8,1987,1718,1116,1,402,3,1,FALSE,FALSE,TRUE,FALSE,TRUE,290939.3125,FALSE
12357,8,6,1968,2477,684,2,413,2,1,TRUE,FALSE,TRUE,FALSE,TRUE,415232.9063,FALSE
2770,1,9,1985,3854,78,3,44,1,1,TRUE,FALSE,TRUE,FALSE,FALSE,462678.75,FALSE
14154,9,3,2008,3011,621,1,401,1,1,TRUE,FALSE,TRUE,FALSE,TRUE,494187.1875,FALSE
6363,6,4,2012,3684,1240,1,205,1,0,FALSE,FALSE,TRUE,TRUE,FALSE,500378.625,FALSE
12176,4,6,1995,770,946,1,61,1,0,TRUE,FALSE,TRUE,TRUE,TRUE,150238.375,FALSE
3077,9,8,1952,1686,357,0,419,2,1,TRUE,FALSE,FALSE,TRUE,FALSE,320663.625,FALSE
10427,5,5,2014,959,617,3,867,1,0,FALSE,FALSE,TRUE,TRUE,FALSE,206138.4844,FALSE
10580,5,3,1957,604,506,1,467,3,1,FALSE,TRUE,FALSE,FALSE,TRUE,159325.5,FALSE
13229,5,6,2000,3853,1582,0,819,3,1,TRUE,FALSE,FALSE,TRUE,TRUE,585216.25,FALSE
9901,1,4,1955,2210,1204,3,18,1,1,FALSE,TRUE,TRUE,FALSE,FALSE,277197.6563,FALSE
6858,1,9,1988,2709,575,1,364,3,1,TRUE,FALSE,FALSE,TRUE,FALSE,372614.4063,FALSE
12040,8,3,2009,2898,1269,2,299,2,0,FALSE,FALSE,TRUE,FALSE,TRUE,440416.0313,FALSE
8544,8,4,1977,933,243,0,6,1,1,FALSE,TRUE,FALSE,FALSE,TRUE,204756.2813,FALSE
6719,6,7,2003,3399,505,0,760,1,0,FALSE,TRUE,TRUE,FALSE,TRUE,514487.25,FALSE
4814,4,7,1986,639,421,1,427,2,1,FALSE,TRUE,FALSE,FALSE,TRUE,150220.0938,FALSE
5374,2,4,1958,1994,1343,1,116,3,1,FALSE,TRUE,FALSE,FALSE,FALSE,278522.9688,FALSE
13470,2,6,2005,3703,1110,0,579,2,1,TRUE,FALSE,TRUE,TRUE,FALSE,486058.375,FALSE
3252,9,3,2008,586,216,2,506,2,1,TRUE,FALSE,FALSE,FALSE,FALSE,201727.7813,FALSE
8996,5,6,1951,2211,1513,2,545,3,0,FALSE,TRUE,FALSE,TRUE,TRUE,357994.9375,FALSE
14173,4,2,2010,2730,1542,3,705,2,1,TRUE,FALSE,FALSE,TRUE,TRUE,401825.5938,FALSE
6673,1,8,2007,2915,1301,1,324,3,0,FALSE,TRUE,FALSE,FALSE,FALSE,394186.5313,FALSE
12314,7,2,2009,628,1872,2,54,3,1,FALSE,TRUE,FALSE,TRUE,FALSE,182291.2656,FALSE
6530,3,7,1989,1769,1745,3,777,2,1,FALSE,FALSE,TRUE,TRUE,FALSE,289883.7188,FALSE
12342,6,9,1985,2101,1008,2,991,3,1,FALSE,TRUE,FALSE,TRUE,FALSE,381236.9688,FALSE
8881,5,1,1986,1169,1192,1,41,2,0,TRUE,FALSE,FALSE,FALSE,FALSE,215622.0625,FALSE
8949,5,8,1967,3949,329,3,296,3,1,FALSE,TRUE,TRUE,FALSE,FALSE,551104.6875,FALSE
11521,5,7,2012,648,649,3,972,1,1,FALSE,FALSE,TRUE,FALSE,TRUE,178778.2656,FALSE
8241,1,6,1971,1484,1464,3,230,3,1,TRUE,FALSE,TRUE,FALSE,FALSE,230876.4531,FALSE
10017,1,6,1960,1351,390,2,452,3,1,FALSE,FALSE,FALSE,TRUE,FALSE,223519.4219,FALSE
8941,3,6,2007,1956,1519,1,889,2,1,FALSE,FALSE,FALSE,TRUE,FALSE,315451.7188,FALSE
11550,4,9,2006,1127,380,3,393,3,0,FALSE,TRUE,FALSE,TRUE,FALSE,190697.7656,FALSE
9002,5,2,1953,1992,1329,0,521,1,0,FALSE,FALSE,FALSE,TRUE,FALSE,331389,FALSE
12674,2,1,1956,2993,741,1,357,1,1,FALSE,FALSE,TRUE,TRUE,FALSE,419458.5313,FALSE
14734,8,6,2010,2544,819,0,986,3,1,TRUE,FALSE,TRUE,TRUE,FALSE,439579.5313,FALSE
12209,2,8,2003,1383,672,0,443,3,0,FALSE,FALSE,FALSE,FALSE,TRUE,205368.9531,FALSE
3331,9,3,2017,2841,512,3,127,1,1,FALSE,TRUE,FALSE,TRUE,FALSE,442753.6875,FALSE
14536,2,1,1950,2288,1771,3,690,2,0,FALSE,TRUE,FALSE,TRUE,TRUE,346999.5,FALSE
6261,9,9,2004,3714,948,2,404,1,1,FALSE,TRUE,FALSE,TRUE,TRUE,576091.5625,FALSE
9648,7,1,1952,749,1211,2,391,1,1,FALSE,FALSE,TRUE,FALSE,TRUE,189835.3281,FALSE
11550,8,3,1987,3425,929,2,192,3,0,TRUE,FALSE,TRUE,TRUE,FALSE,528040.6875,FALSE
7115,2,8,1950,1447,1539,1,603,3,1,FALSE,TRUE,FALSE,TRUE,FALSE,246871.625,FALSE
6637,7,3,1987,1474,912,2,880,1,0,FALSE,FALSE,TRUE,FALSE,FALSE,297420.7188,FALSE
6854,6,4,1978,1825,643,0,742,2,0,FALSE,TRUE,FALSE,TRUE,FALSE,309961.3438,FALSE
5177,4,8,1954,3596,426,2,77,1,0,FALSE,TRUE,FALSE,FALSE,FALSE,483180.5625,FALSE
9730,7,1,1970,3336,501,3,84,1,1,TRUE,FALSE,TRUE,FALSE,FALSE,491311.5,FALSE
12320,4,6,2020,1483,729,2,29,2,0,FALSE,TRUE,FALSE,TRUE,FALSE,230698.3906,FALSE
4180,2,1,2016,1388,1283,1,724,1,0,TRUE,FALSE,TRUE,TRUE,FALSE,208064.375,FALSE
6892,7,1,1996,3437,1536,1,48,1,1,FALSE,FALSE,FALSE,FALSE,FALSE,495718.375,FALSE
9043,8,8,1984,2617,70,0,776,3,1,FALSE,TRUE,TRUE,TRUE,FALSE,449800,FALSE
2137,2,4,2017,3172,477,1,144,2,1,FALSE,FALSE,FALSE,TRUE,TRUE,419149.9375,FALSE
8327,5,1,2018,1374,1201,2,68,3,1,FALSE,FALSE,TRUE,FALSE,FALSE,235650.9063,FALSE
5472,1,7,1950,3683,456,3,57,3,1,FALSE,FALSE,FALSE,FALSE,FALSE,464645.6875,FALSE
7449,7,5,2017,3935,188,1,696,2,1,FALSE,TRUE,FALSE,TRUE,FALSE,592399.9375,FALSE
4832,8,5,1961,1826,290,0,573,2,0,TRUE,FALSE,TRUE,FALSE,TRUE,327319.5,FALSE
5579,6,1,2009,970,1543,2,478,1,1,FALSE,TRUE,FALSE,TRUE,FALSE,191957.9688,FALSE
7971,5,6,1976,2487,1788,0,819,3,0,FALSE,FALSE,TRUE,TRUE,FALSE,405122.5938,FALSE
13223,6,9,2005,590,919,1,444,2,1,TRUE,FALSE,TRUE,TRUE,TRUE,151290.4375,FALSE
6164,2,9,1972,1029,291,1,295,3,0,FALSE,FALSE,FALSE,TRUE,FALSE,174420.2344,FALSE
12785,1,8,1974,1160,1969,0,677,3,0,TRUE,FALSE,FALSE,FALSE,TRUE,182833.5,FALSE
9941,7,5,1970,1238,755,2,170,2,1,FALSE,TRUE,FALSE,TRUE,TRUE,225282.5156,FALSE
7569,7,1,2010,3273,1658,1,574,1,1,TRUE,FALSE,FALSE,FALSE,TRUE,504360.9688,FALSE
6300,2,9,2012,1371,1834,3,146,3,0,FALSE,TRUE,TRUE,TRUE,TRUE,221424.5156,FALSE
8269,2,1,2001,2186,1306,1,483,2,1,FALSE,FALSE,FALSE,TRUE,FALSE,309992.1875,FALSE
5818,1,8,1974,691,1567,2,305,1,1,TRUE,FALSE,FALSE,FALSE,TRUE,120712.8281,FALSE
14330,8,5,2004,2486,1869,1,672,3,0,FALSE,FALSE,FALSE,TRUE,TRUE,413802.3125,FALSE
14015,8,3,1995,3813,376,0,652,2,0,TRUE,FALSE,TRUE,FALSE,FALSE,598023.3125,FALSE
14234,1,7,1981,2685,1681,1,845,3,0,FALSE,TRUE,FALSE,FALSE,FALSE,401126.625,FALSE
3906,8,7,2004,844,1179,1,608,2,1,TRUE,FALSE,TRUE,TRUE,FALSE,236279.6563,FALSE
8254,9,9,1954,3751,507,2,445,2,1,TRUE,FALSE,FALSE,TRUE,TRUE,582913.4375,FALSE
2760,4,7,1985,1508,1436,0,220,3,1,FALSE,TRUE,TRUE,TRUE,FALSE,229194.125,FALSE
9830,1,3,1998,3050,527,2,554,3,1,FALSE,TRUE,FALSE,TRUE,TRUE,400175.3438,FALSE
9350,1,1,2007,702,1378,1,944,2,0,FALSE,TRUE,FALSE,FALSE,TRUE,155317.5938,FALSE
8238,3,8,1988,1072,558,3,803,1,1,TRUE,FALSE,TRUE,TRUE,FALSE,209843.3438,FALSE
8090,5,3,2010,691,1786,1,377,3,0,FALSE,FALSE,FALSE,TRUE,FALSE,185615.0313,FALSE
13637,5,8,1958,2552,1210,2,619,2,1,TRUE,FALSE,FALSE,TRUE,FALSE,416701.6875,FALSE
8031,9,8,1955,2413,1054,3,265,2,1,TRUE,FALSE,FALSE,TRUE,FALSE,406468.9063,FALSE
9687,2,5,1984,3808,259,2,94,1,0,FALSE,FALSE,TRUE,TRUE,FALSE,488184.5625,FALSE
11091,2,1,1988,2216,420,2,261,1,1,FALSE,TRUE,FALSE,FALSE,FALSE,294568.2188,FALSE
14647,6,7,1971,810,1552,0,824,1,1,TRUE,FALSE,TRUE,TRUE,TRUE,185143.875,FALSE
13139,9,5,1990,3096,1574,3,896,3,0,FALSE,FALSE,TRUE,FALSE,TRUE,506103.0313,FALSE
11911,1,8,1954,2603,303,1,70,2,1,FALSE,TRUE,TRUE,TRUE,FALSE,325309.9063,FALSE
10472,9,9,1991,942,941,2,953,2,0,FALSE,TRUE,FALSE,TRUE,TRUE,259888.3281,FALSE
13458,9,7,2016,1760,1967,1,218,2,0,TRUE,FALSE,TRUE,TRUE,TRUE,322232.4688,FALSE
3887,9,7,1979,1369,1062,0,532,1,0,FALSE,TRUE,TRUE,FALSE,TRUE,292611.3125,FALSE
5266,5,1,2006,3768,1512,0,91,2,0,FALSE,TRUE,FALSE,TRUE,TRUE,525556.75,FALSE
2666,9,4,1978,1084,1667,3,126,3,1,FALSE,FALSE,TRUE,FALSE,TRUE,229011.5781,FALSE
6188,4,2,1986,2094,541,0,79,1,1,FALSE,FALSE,TRUE,FALSE,TRUE,314526.0625,FALSE
2671,2,2,1962,3299,1693,0,823,1,1,FALSE,TRUE,FALSE,TRUE,FALSE,479413.875,FALSE
12161,6,2,1981,2037,1301,1,237,1,0,FALSE,FALSE,FALSE,FALSE,FALSE,319798.2188,FALSE
14348,4,4,1995,859,1226,0,982,1,1,FALSE,TRUE,TRUE,TRUE,FALSE,187851.3594,FALSE
8777,6,1,1972,2223,1089,0,371,3,1,TRUE,FALSE,FALSE,TRUE,TRUE,367935.4063,FALSE
13314,3,4,1994,3366,107,2,915,2,1,FALSE,FALSE,FALSE,FALSE,FALSE,470610.5625,FALSE
9570,6,2,1966,2577,267,0,485,3,1,FALSE,TRUE,FALSE,TRUE,FALSE,396895.9375,FALSE
9956,2,5,2015,2302,221,2,693,2,0,FALSE,TRUE,TRUE,TRUE,FALSE,325764.9375,FALSE
7124,2,3,1955,2511,1827,0,24,3,0,FALSE,FALSE,TRUE,FALSE,TRUE,340780.25,FALSE
